2026-08-26T19:18:48 exception: Failed to open "/home/sc0rp/.config/mpd/mpdstate": No such file or directory
2026-08-26T19:18:48 update: added /Diamond Platnumz Ft Chike - My Baby (Official Lyric Video).mp3
2026-08-26T19:18:48 update: added /Cindy Sanyu - Run This City (Official Video).mp3
2026-08-26T19:18:48 update: added /Susumila ft Petra - Inama Inuka ( Official Music Video) ï¼ SMS - SKIZA 7619460 TO 811ï¼.mp3
2026-08-26T19:18:48 update: added /Dufla Diligon Feat Cindy Sanyu - Tempo Remix (Official YWC Video).mp3
2026-08-26T19:18:48 update: added /By The Way - Vivian Mimi (Official video).mp3
2026-08-26T19:18:48 update: added /Chekecha RMX by Karole Kasiita ft Vinka and Winnie Nwagi Official 4K video.mp3
2026-08-26T19:18:48 update: added /Young Thug ft. Jacquees - For Y’all [Lyrics] tiktok version _ “yeah my babyyyy that’s my baby”.mp3
2026-08-26T19:18:48 update: added /Sean Paul - Got 2 Luv U (feat. Alexis Jordan) Trimmed.mp3
2026-08-26T19:18:48 update: added /Under My Nose.mp3
2026-08-26T19:18:48 update: added /Cover Drive - Lovesick Riddim [OFFICIAL VIDEO].mp3
2026-08-26T19:18:48 update: added /Young Thug, Jacquees - For Y_all (Lyrics) _ That_s my baby [Tiktok Song].mp3
2026-08-26T19:18:48 update: added /Winnie Nwagi & King Saha - Science (Official Music Video).mp3
2026-08-26T19:18:48 update: added /DiJa   Awww Music Video ToxicWap com.mp3
2026-08-26T19:18:48 update: added /Summer Love - Denyque (Official Video).mp3
2026-08-26T19:18:48 update: added /Winnie Nwagi - Musawo (Official Music Video).mp3
2026-08-26T19:18:48 update: added /Karl Wolf - Ghetto Love Ft. Kardinal Offishall (Official Music Video).mp3
2026-08-26T19:18:48 update: added /Gyptian - Nah Let Go ï½ Official Music trimmed.mp3
2026-08-26T19:18:48 update: added /Twerk - B Red ft. Davido (Official Music Video).mp3
2026-08-26T19:18:48 update: added /Charly Black - Vip Girl ft. Machel Montano.mp3
2026-08-26T19:18:48 update: added /Kat DeLuna - Am I Dreaming (Video).mp3
2026-08-26T19:18:48 update: added /Diamond Platnumz Ft Chike - My Baby (Lyrics).mp3
2026-08-26T19:18:48 update: added /Gyptian - Nah Let Go ï½ Official Music Video.mp3
2026-08-26T19:18:48 update: added /CINDY SANYU - SELECTA(official video).mp3
2026-08-26T19:18:48 update: added /R2BEES Feat. Wande Coal - KISS YOUR HAND.mp3
2026-08-26T19:18:48 update: added /Bernice West - Lyfie.mp3
2026-08-26T19:18:48 update: added /Iggy Azalea - Savior ft. Quavo.mp3
2026-08-26T19:18:48 update: added /PHINA - Bandama (Lyrics Video).mp3
2026-08-26T19:18:48 update: added /Falling - Allan Toniks & Fille (Official Music Video).mp3
2026-08-26T19:18:48 update: added /Sean Paul - Got 2 Luv U (feat. Alexis Jordan) [Official Video].mp3
2026-08-26T19:18:48 update: added /Diamond Platnumz Ft Chike - My Baby (Official Music Video).mp3
2026-08-26T19:18:48 update: added /Susumila ft Petra - Inama Inuka ( Official Music Video)trimmed.mp3
2026-08-26T19:29:24 exception: Failed to open /home/sc0rp/.config/mpd/playlist/: No such file or directory
2026-08-26T19:29:34 exception: Failed to open "PipeWire Sound Server" (pipewire); Failed to connect stream: Host is down
2026-08-26T19:29:44 exception: Failed to open "PipeWire Sound Server" (pipewire); Failed to connect stream: Host is down
2026-08-26T19:29:54 exception: Failed to open "PipeWire Sound Server" (pipewire); Failed to connect stream: Host is down
2026-08-26T19:29:58 exception: Failed to open "PipeWire Sound Server" (pipewire); Failed to connect stream: Host is down
2026-08-26T19:29:59 exception: Failed to open "PipeWire Sound Server" (pipewire); Failed to connect stream: Host is down
2026-08-26T19:30:02 player: played "Falling - Allan Toniks & Fille (Official Music Video).mp3"
2026-08-26T19:30:02 exception: Failed to open "PipeWire Sound Server" (pipewire); Failed to connect stream: Host is down
2026-08-26T19:37:56 exception: Failed to open "PipeWire Sound Server" (pipewire); Failed to connect stream: Host is down
2026-08-26T19:38:07 exception: Failed to open "PipeWire Sound Server" (pipewire); Failed to connect stream: Host is down
2026-08-26T19:38:18 exception: Failed to open "PipeWire Sound Server" (pipewire); Failed to connect stream: Host is down
2026-08-26T19:38:29 exception: Failed to open "PipeWire Sound Server" (pipewire); Failed to connect stream: Host is down
2026-08-26T19:38:40 exception: Failed to open "PipeWire Sound Server" (pipewire); Failed to connect stream: Host is down
2026-08-26T19:38:51 exception: Failed to open "PipeWire Sound Server" (pipewire); Failed to connect stream: Host is down
2026-08-26T19:39:01 exception: Failed to open "PipeWire Sound Server" (pipewire); Failed to connect stream: Host is down
2026-08-26T19:39:12 exception: Failed to open "PipeWire Sound Server" (pipewire); Failed to connect stream: Host is down
2026-08-26T19:39:23 exception: Failed to open "PipeWire Sound Server" (pipewire); Failed to connect stream: Host is down
2026-08-26T19:39:34 exception: Failed to open "PipeWire Sound Server" (pipewire); Failed to connect stream: Host is down
2026-08-26T19:39:45 exception: Failed to open "PipeWire Sound Server" (pipewire); Failed to connect stream: Host is down
2026-08-26T19:39:56 exception: Failed to open "PipeWire Sound Server" (pipewire); Failed to connect stream: Host is down
2026-08-26T19:40:07 exception: Failed to open "PipeWire Sound Server" (pipewire); Failed to connect stream: Host is down
2026-08-26T19:40:11 exception: Failed to open "PipeWire Sound Server" (pipewire); Failed to connect stream: Host is down
2026-08-26T19:40:18 exception: Failed to open "PipeWire Sound Server" (pipewire); Failed to connect stream: Host is down
2026-08-26T19:40:19 exception: Failed to open "PipeWire Sound Server" (pipewire); Failed to connect stream: Host is down
2026-08-26T19:40:29 exception: Failed to open "PipeWire Sound Server" (pipewire); Failed to connect stream: Host is down
2026-08-26T19:41:56 exception: Failed to open "PipeWire Sound Server" (pipewire); Failed to connect stream: Host is down
2026-08-26T19:41:58 exception: Failed to open "PipeWire Sound Server" (pipewire); Failed to connect stream: Host is down
2026-08-26T19:41:59 exception: Failed to open "PipeWire Sound Server" (pipewire); Failed to connect stream: Host is down
2026-08-26T19:58:29 exception: Failed to open "PipeWire Sound Server" (pipewire); Failed to connect stream: Host is down
2026-08-26T19:58:33 exception: Failed to open "PipeWire Sound Server" (pipewire); Failed to connect stream: Host is down
2026-08-26T19:58:39 player: played "Sean Paul - Got 2 Luv U (feat. Alexis Jordan) Trimmed.mp3"
2026-08-26T20:19:54 player: played "Sean Paul - Got 2 Luv U (feat. Alexis Jordan) Trimmed.mp3"
2026-08-26T20:20:05 player: played "Sean Paul - Got 2 Luv U (feat. Alexis Jordan) Trimmed.mp3"
2026-08-26T20:28:26 player: played "Under My Nose.mp3"
2026-08-26T20:30:37 player: played "Falling - Allan Toniks & Fille (Official Music Video).mp3"
2026-08-26T20:30:59 player: played "Sean Paul - Got 2 Luv U (feat. Alexis Jordan) Trimmed.mp3"
2026-08-26T20:31:22 player: played "Sean Paul - Got 2 Luv U (feat. Alexis Jordan) Trimmed.mp3"
2026-08-26T20:32:14 player: played "Sean Paul - Got 2 Luv U (feat. Alexis Jordan) Trimmed.mp3"
2026-08-26T20:34:12 player: played "Susumila ft Petra - Inama Inuka ( Official Music Video) ï¼\x82 SMS - SKIZA 7619460 TO 811ï¼\x82.mp3"
2026-08-26T20:34:24 player: played "Karl Wolf - Ghetto Love Ft. Kardinal Offishall (Official Music Video).mp3"
2026-08-26T20:35:33 player: played "R2BEES Feat. Wande Coal - KISS YOUR HAND.mp3"
2026-08-26T20:36:12 player: played "Susumila ft Petra - Inama Inuka ( Official Music Video)trimmed.mp3"
2026-08-26T21:27:26 update: added Music/Smallgod - Falling.mp3
2026-08-26T21:27:26 update: added Music/Soulja Boy Tell em - Kiss Me Thru The Phone.mp3
2026-08-26T21:27:26 update: added Music/King Promise - Commando.mp3
2026-08-26T21:27:26 update: added Music/Sigala - Stay the Night.mp3
2026-08-26T21:27:26 update: added Music/Yellow Claw - In My Room (feat. Ty Dolla $ign   Tyga).mp3
2026-08-26T21:27:26 update: added Music/Jimmie Allen - This is Us.mp3
2026-08-26T21:27:26 update: added Music/Sia - Cheap Thrills.mp3
2026-08-26T21:27:26 update: added Music/NCS - You [NCS Release].mp3
2026-08-26T21:27:26 update: added Music/JPB - Defeat the Night.mp3
2026-08-26T21:27:26 update: added Music/Migos - Narcos.mp3
2026-08-26T21:27:26 update: added Music/Jux - Sio Mbaya.mp3
2026-08-26T21:27:26 update: added Music/Tarrus Riley - Sorry Is a Sorry Word.mp3
2026-08-26T21:27:26 update: added Music/Charlie Puth - Dangerously.mp3
2026-08-26T21:27:26 update: added Music/Rowlene - Danger(Yung T Beatz Remix).mp3
2026-08-26T21:27:26 update: added Music/Alkaline - Side Chick.mp3
2026-08-26T21:27:26 update: added Music/Abov - It s Ball Time!.mp3
2026-08-26T21:27:26 update: added Music/Alesha Dixon - Breathe Slow (Single Version).mp3
2026-08-26T21:27:26 update: added Music/David Guetta - Without You (feat. Usher).mp3
2026-08-26T21:27:26 update: added Music/Ne-Yo - Miss Independent (Album Version).mp3
2026-08-26T21:27:26 update: added Music/2WEI - Survivor.mp3
2026-08-26T21:27:27 update: added Music/Jonas Brothers - Who s In Your Head.mp3
2026-08-26T21:27:27 update: added Music/Tessanne - Call Fi Mi Cure.mp3
2026-08-26T21:27:27 update: added Music/Meek Mill - Sharing Locations (feat. Lil Baby   Lil Durk).mp3
2026-08-26T21:27:27 update: added Music/Dusk - With You.mp3
2026-08-26T21:27:27 update: added Music/The Script - Hall of Fame.mp3
2026-08-26T21:27:27 update: added Music/Ariana Grande - Into You.mp3
2026-08-26T21:27:27 update: added Music/Kalado - When You Wine.mp3
2026-08-26T21:27:27 update: added Music/Cardi B - WAP (feat. Megan Thee Stallion).mp3
2026-08-26T21:27:27 update: added Music/NOTD - Worst Thing.mp3
2026-08-26T21:27:27 update: added Music/Chris Brown - Dream.mp3
2026-08-26T21:27:27 update: added Music/Luke Combs - Where the Wild Things Are.mp3
2026-08-26T21:27:27 update: added Music/WSTRN - Mama Stay.mp3
2026-08-26T21:27:27 update: added Music/Brooke Alexx - Perfect.mp3
2026-08-26T21:27:27 update: added Music/Kelechi Africana - Ring.mp3
2026-08-26T21:27:27 update: added Music/Disney - Zoo (From  Zootropolis 2 ).mp3
2026-08-26T21:27:27 update: added Music/Akon - Lonely.mp3
2026-08-26T21:27:27 update: added Music/Farruko - Pepas.mp3
2026-08-26T21:27:27 update: added Music/Dream Chaos - Fantasize.mp3
2026-08-26T21:27:27 update: added Music/Kelly Clarkson - Stronger (What Doesn t Kill You).mp3
2026-08-26T21:27:27 update: added Music/Tory Lanez - TAlk tO Me.mp3
2026-08-26T21:27:27 update: added Music/Brizy Annechild - Hera Nyalo Sandi.mp3
2026-08-26T21:27:27 update: added Music/The Royal Concept - Smile.mp3
2026-08-26T21:27:27 update: added Music/Anne-Marie - Alarm.mp3
2026-08-26T21:27:27 update: added Music/Chris Brown - Yeah 3x.mp3
2026-08-26T21:27:27 update: added Music/Wing - Dopamine.mp3
2026-08-26T21:27:27 update: added Music/Kendrick Lamar - Not Like Us.mp3
2026-08-26T21:27:27 update: added Music/Louis The Child - Big Love.mp3
2026-08-26T21:27:27 update: added Music/sgee vehnom - Wonderland.mp3
2026-08-26T21:27:27 update: added Music/Ron Kenoly - The Solid Rock (Live).mp3
2026-08-26T21:27:27 update: added Music/Young M.A - PettyWap.mp3
2026-08-26T21:27:27 update: added Music/Jidenna - Classic Man.mp3
2026-08-26T21:27:27 update: added Music/Boys World - Something in the Water.mp3
2026-08-26T21:27:27 update: added Music/Corina Smith - Completa.mp3
2026-08-26T21:27:27 update: added Music/DaVido - Jowo.mp3
2026-08-26T21:27:27 update: added Music/NDOVU KUU - NDOVU NI KUU (feat. KHALIGRAPH JONES   BOUTROSS.mp3
2026-08-26T21:27:27 update: added Music/Lost Kings - LA   The Parties (feat. Sevyn Streeter   Luh Ke.mp3
2026-08-26T21:27:27 update: added Music/Rayvanny - Te Quiero (feat. Marioo).mp3
2026-08-26T21:27:27 update: added Music/Magic! - Rude.mp3
2026-08-26T21:27:27 update: added Music/Taylor Swift - Bad Blood.mp3
2026-08-26T21:27:27 update: added Music/Keira Knightley - A Step You Can t Take Back.mp3
2026-08-26T21:27:28 update: added Music/Demi Lovato - I Love Me.mp3
2026-08-26T21:27:28 update: added Music/50 Cent - Candy Shop.mp3
2026-08-26T21:27:28 update: added Music/CL - Lover Like Me.mp3
2026-08-26T21:27:28 update: added Music/Magic! - Let Your Hair Down.mp3
2026-08-26T21:27:28 update: added Music/Maxi Priest - Wild World.mp3
2026-08-26T21:27:28 update: added Music/$ - CARNIVAL.mp3
2026-08-26T21:27:28 update: added Music/Moyann - Gangster Love.mp3
2026-08-26T21:27:28 update: added Music/Lucky Dube - The Way it Is.mp3
2026-08-26T21:27:28 update: added Music/Lil Nas X - HOLIDAY.mp3
2026-08-26T21:27:28 update: added Music/Pop Smoke - The Woo.mp3
2026-08-26T21:27:28 update: added Music/Lucky Daye - Careful (From The Original Motion Picture  Magi.mp3
2026-08-26T21:27:28 update: added Music/Demarco - She Heard It Before.mp3
2026-08-26T21:27:28 update: added Music/NCS - Turn It Up [NCS Release].mp3
2026-08-26T21:27:28 update: added Music/P!nk - Walk Me Home.mp3
2026-08-26T21:27:28 update: added Music/Katy Perry - E.T.mp3
2026-08-26T21:27:28 update: added Music/Ludacris - Vices.mp3
2026-08-26T21:27:28 update: added Music/Usher - My Boo.mp3
2026-08-26T21:27:28 update: added Music/Rae Sremmurd - Shake It Fast.mp3
2026-08-26T21:27:28 update: added Music/Jack O Connell - Rocky Road to Dublin.mp3
2026-08-26T21:27:28 update: added Music/Navy Kenzo - Kamatia.mp3
2026-08-26T21:27:28 update: added Music/Jahmiel - Role Model.mp3
2026-08-26T21:27:28 update: added Music/Jeremih - All The Time.mp3
2026-08-26T21:27:28 update: added Music/Kelly Clarkson - Underneath the Tree.mp3
2026-08-26T21:27:28 update: added Music/Fireboy Dml - ELI.mp3
2026-08-26T21:27:28 update: added Music/Popcaan - BANK & GOD.mp3
2026-08-26T21:27:28 update: added Music/G-Eazy - Faithful (feat. Marc E. Bassy).mp3
2026-08-26T21:27:28 update: added Music/NLE Choppa - Walk Em Down (feat. Roddy Ricch).mp3
2026-08-26T21:27:28 update: added Music/Moyann - X Him.mp3
2026-08-26T21:27:28 update: added Music/Justine Skye - U Don t Know.mp3
2026-08-26T21:27:28 update: added Music/Rudeboy - Together.mp3
2026-08-26T21:27:28 update: added Music/Kehlani - Gangsta.mp3
2026-08-26T21:27:28 update: added Music/Fanny Lu - Mar De Amor.mp3
2026-08-26T21:27:28 update: added Music/Pressure - Jah Love.mp3
2026-08-26T21:27:28 update: added Music/Liam Payne - For You (Fifty Shades Freed).mp3
2026-08-26T21:27:29 update: added Music/AlexGrohl - Monster.mp3
2026-08-26T21:27:29 update: added Music/Chris Brown - Privacy.mp3
2026-08-26T21:27:29 update: added Music/Chronixx - Access Granted.mp3
2026-08-26T21:27:29 update: added Music/Tory Lanez - Say It.mp3
2026-08-26T21:27:29 update: added Music/Sia - Elastic Heart (From  The Hunger Games  Catching Fire.mp3
2026-08-26T21:27:29 update: added Music/JACKBOYS - GATTI.mp3
2026-08-26T21:27:29 update: added Music/Serhat Durmus - Hislerim.mp3
2026-08-26T21:27:29 update: added Music/Khaligraph Jones - Leave Me Alone.mp3
2026-08-26T21:27:29 update: added Music/Chike - Pity My Soul.mp3
2026-08-26T21:27:29 update: added Music/Amadeus - Legendary.mp3
2026-08-26T21:27:29 update: added Music/Jason Derulo - Goodbye (feat. Nicki Minaj   Willy William).mp3
2026-08-26T21:27:29 update: added Music/Vybz Kartel - Too Young.mp3
2026-08-26T21:27:29 update: added Music/Meek Mill - All Eyes on You (feat. Chris Brown   Nicki Minaj.mp3
2026-08-26T21:27:29 update: added Music/Denzel_Curry_Dynasties_and_Dystopia_from_the_series_Arcane_Le.mp3
2026-08-26T21:27:29 update: added Music/Otile Brown - Such Kinda Love.mp3
2026-08-26T21:27:29 update: added Music/Dro - Yon sèl.mp3
2026-08-26T21:27:29 update: added Music/FAVE - Baby Riddim.mp3
2026-08-26T21:27:29 update: added Music/Nyashinski - Malaika.mp3
2026-08-26T21:27:29 update: added Music/Trey Songz - Chi Chi (feat. Chris Brown).mp3
2026-08-26T21:27:29 update: added Music/Bensoul - Extra Pressure.mp3
2026-08-26T21:27:29 update: added Music/Flo Rida  Rear View Audio ft August Alsina.mp3
2026-08-26T21:27:29 update: added Music/Phil the Beat - YOU.mp3
2026-08-26T21:27:29 update: added Music/Ariana Grande - Problem.mp3
2026-08-26T21:27:29 update: added Music/Post Malone - rockstar.mp3
2026-08-26T21:27:29 update: added Music/Gabeana - Hot Gyal (Radio Edit).mp3
2026-08-26T21:27:29 update: added Music/DJ Khaled - I m the One.mp3
2026-08-26T21:27:29 update: added Music/Susana Cala - Yoga.mp3
2026-08-26T21:27:29 update: added Music/Demarco - Backaz.mp3
2026-08-26T21:27:29 update: added Music/Nyashinski - Balance.mp3
2026-08-26T21:27:29 update: added Music/Tones and I - Dance Monkey.mp3
2026-08-26T21:27:29 update: added Music/Drake - In My Feelings.mp3
2026-08-26T21:27:29 update: added Music/Bayanni - Ta Ta Ta.mp3
2026-08-26T21:27:29 update: added Music/Afrojack - Ten Feet Tall.mp3
2026-08-26T21:27:29 update: added Music/Skylar Grey - Cannonball.mp3
2026-08-26T21:27:29 update: added Music/Kaaze - Paradise.mp3
2026-08-26T21:27:29 update: added Music/Reekado Banks - My Woman.mp3
2026-08-26T21:27:29 update: added Music/Jeremy Renner - House of the Rising Sun.mp3
2026-08-26T21:27:29 update: added Music/Meghan Trainor - Made You Look.mp3
2026-08-26T21:27:29 update: added Music/Cheryl - Crazy Stupid Love.mp3
2026-08-26T21:27:29 update: added Music/Jason Ross - Take You Home (feat. Dia Frampton).mp3
2026-08-26T21:27:30 update: added Music/Gajendra Verma - Tera Ghata (Female).mp3
2026-08-26T21:27:30 update: added Music/Njerae - Aki Sioni (Magik Mix).mp3
2026-08-26T21:27:30 update: added Music/Wyre - Work and Play.mp3
2026-08-26T21:27:30 update: added Music/Quavo - Us vs. Them.mp3
2026-08-26T21:27:30 update: added Music/Bassjackers - Fall.mp3
2026-08-26T21:27:30 update: added Music/Jennifer Lopez - In The Morning.mp3
2026-08-26T21:27:30 update: added Music/Justin Bieber - Love Yourself.mp3
2026-08-26T21:27:30 update: added Music/Tobu - Infectious.mp3
2026-08-26T21:27:30 update: added Music/for King   Country + Dolly Parton - God Only Knows.mp3
2026-08-26T21:27:30 update: added Music/Otile Brown - Baby Love.mp3
2026-08-26T21:27:30 update: added Music/Chris Brown - Questions.mp3
2026-08-26T21:27:30 update: added Music/Selena Gomez - Come   Get It.mp3
2026-08-26T21:27:30 update: added Music/Tiësto - Don t Be Shy.mp3
2026-08-26T21:27:30 update: added Music/Karole Kasita - Balance.mp3
2026-08-26T21:27:30 update: added Music/Vanessa Mdee - Nobody but Me (feat. K.O).mp3
2026-08-26T21:27:30 update: added Music/Omarion - Post to Be (feat. Chris Brown   Jhene Aiko).mp3
2026-08-26T21:27:30 update: added Music/charlieonnafriday - Same Friends.mp3
2026-08-26T21:27:30 update: added Music/Quintino - Empty City.mp3
2026-08-26T21:27:30 update: added Music/NOTD - Worst Thing (Brooks Remix).mp3
2026-08-26T21:27:30 update: added Music/fun. - Some Nights.mp3
2026-08-26T21:27:30 update: added Music/Camila Cabello - Inside Out.mp3
2026-08-26T21:27:30 update: added Music/Cary Brothers  - Belong.mp3
2026-08-26T21:27:30 update: added Music/Birdman - 4 My Town (Play Ball) (Album Version Explicit).mp3
2026-08-26T21:27:30 update: added Music/Simi - Sáré.mp3
2026-08-26T21:27:30 update: added Music/Bebe Rexha - No Broken Hearts (feat. Nicki Minaj).mp3
2026-08-26T21:27:30 update: added Music/Post Malone - Wow.mp3
2026-08-26T21:27:30 update: added Music/Iyaz - Replay.mp3
2026-08-26T21:27:30 update: added Music/YG - Run.mp3
2026-08-26T21:27:30 update: added Music/Erica Banks - Buss It.mp3
2026-08-26T21:27:31 update: added Music/Michael Jackson - Hold My Hand.mp3
2026-08-26T21:27:31 update: added Music/Shakira - Hips Don t Lie (feat. Wyclef Jean).mp3
2026-08-26T21:27:31 update: added Music/Vanessa Mdee - Cash Madame.mp3
2026-08-26T21:27:31 update: added Music/Prince Priya - Jahar Judai Ke Pibo.mp3
2026-08-26T21:27:31 update: added Music/Kleptomaniax - Swing.mp3
2026-08-26T21:27:31 update: added Music/Nasty C - Gravy.mp3
2026-08-26T21:27:31 update: added Music/Limoblaze - Jireh (My Provider).mp3
2026-08-26T21:27:31 update: added Music/Alan Walker - Ritual.mp3
2026-08-26T21:27:31 update: added Music/Pia Mia - Do It Again.mp3
2026-08-26T21:27:31 update: added Music/Daddy Yankee - Dura.mp3
2026-08-26T21:27:31 update: added Music/Justin Bieber - Beauty And A Beat.mp3
2026-08-26T21:27:31 update: added Music/Selena Gomez - Bad Liar.mp3
2026-08-26T21:27:31 update: added Music/R. City - Crazy Love (feat. Tarrus Riley).mp3
2026-08-26T21:27:31 update: added Music/24hrs_What_You_Like_feat_Ty_Dolla_$ign_Wiz_Khalifa.mp3
2026-08-26T21:27:31 update: added Music/Major Lazer - Light It Up (Remix).mp3
2026-08-26T21:27:31 update: added Music/Joeboy - Alcohol.mp3
2026-08-26T21:27:31 update: added Music/Ginuwine - Pony.mp3
2026-08-26T21:27:31 update: added Music/Rihanna - Desperado.mp3
2026-08-26T21:27:31 update: added Music/Little Mix - Reggaetón Lento (Remix).mp3
2026-08-26T21:27:31 update: added Music/Bruce Melodie - Katerina.mp3
2026-08-26T21:27:31 update: added Music/Chris Brown - Slide.mp3
2026-08-26T21:27:31 update: added Music/Cardi B - Ring (feat. Kehlani).mp3
2026-08-26T21:27:31 update: added Music/Gabry Ponte - Lo Nevosh.mp3
2026-08-26T21:27:31 update: added Music/Nyashinski - Elegance.mp3
2026-08-26T21:27:31 update: added Music/Rich The Kid - Plug Walk.mp3
2026-08-26T21:27:31 update: added Music/Adina Thembi - Take Care of You.mp3
2026-08-26T21:27:31 update: added Music/MarMar Oso - Losing You.mp3
2026-08-26T21:27:31 update: added Music/Slushii - Never Let You Go (feat. Sofia Reyes).mp3
2026-08-26T21:27:31 update: added Music/Nyashinski - Fresh.mp3
2026-08-26T21:27:31 update: added Music/Shawn Mendes - Summer Of Love.mp3
2026-08-26T21:27:31 update: added Music/Lil Wayne - Love Me.mp3
2026-08-26T21:27:31 update: added Music/Kid Ink - Money and the Power.mp3
2026-08-26T21:27:31 update: added Music/Dax - To Be A Man.mp3
2026-08-26T21:27:31 update: added Music/Wanitwa Mos - Moyo Ongcwele (feat. Harry Cane).mp3
2026-08-26T21:27:31 update: added Music/Hailee Steinfeld - Let Me Go.mp3
2026-08-26T21:27:31 update: added Music/David Guetta - Bad (feat. Vassy) (Radio Edit).mp3
2026-08-26T21:27:31 update: added Music/Ariana Grande - Break Free.mp3
2026-08-26T21:27:32 update: added Music/Maroon 5 - Animals.mp3
2026-08-26T21:27:32 update: added Music/Sinach - I Know Who I Am (Studio).mp3
2026-08-26T21:27:32 update: added Music/Major Lazer - Particula (feat. DJ Maphorisa, Nasty C, Ice Pr.mp3
2026-08-26T21:27:32 update: added Music/Twenty One Pilots - Heathens.mp3
2026-08-26T21:27:32 update: added Music/David Guetta - This One s for You (feat. Zara Larsson) (Offi.mp3
2026-08-26T21:27:32 update: added Music/Ntombemhlope - MAMA (feat. Tee-s Papah).mp3
2026-08-26T21:27:32 update: added Music/50 Cent - I m The Man.mp3
2026-08-26T21:27:32 update: added Music/Chuck Fenda - It Hard.mp3
2026-08-26T21:27:32 update: added Music/MaWhoo - Bengicela (feat. Jazzworx).mp3
2026-08-26T21:27:32 update: added Music/Chris Brown - Pills   Automobiles (feat. Yo Gotti, A Boogie.mp3
2026-08-26T21:27:32 update: added Music/Jessie J - Wild (UK Version).mp3
2026-08-26T21:27:32 update: added Music/Naiboi - Black.mp3
2026-08-26T21:27:32 update: added Music/DJ Snake - Let Me Love You.mp3
2026-08-26T21:27:32 update: added Music/Vybz Kartel - Colouring This Life.mp3
2026-08-26T21:27:32 update: added Music/P-Square - Shekini.mp3
2026-08-26T21:27:32 update: added Music/T-Pain - Best Love Song.mp3
2026-08-26T21:27:32 update: added Music/Travis Scott - HIGHEST IN THE ROOM.mp3
2026-08-26T21:27:32 update: added Music/Naughty Boy - La La La.mp3
2026-08-26T21:27:32 update: added Music/NCS - Limitless [NCS Release].mp3
2026-08-26T21:27:32 update: added Music/Camila Cabello - Crying in the Club.mp3
2026-08-26T21:27:32 update: added Music/Tatiana Manaois - Yesterday Everyday Always.mp3
2026-08-26T21:27:32 update: added Music/Christopher Martin - Weekend Love.mp3
2026-08-26T21:27:32 update: added Music/Tarrus Riley - Liv Up.mp3
2026-08-26T21:27:32 update: added Music/Bad Bunny - MIA (feat. Drake).mp3
2026-08-26T21:27:32 update: added Music/Gyptian - Hold You (Hold Yuh).mp3
2026-08-26T21:27:32 update: added Music/Young Thug - For Y all (feat. Jacquees).mp3
2026-08-26T21:27:32 update: added Music/Metro Boomin - Hummingbird.mp3
2026-08-26T21:27:32 update: added Music/Phil the Beat - Anytime.mp3
2026-08-26T21:27:32 update: added Music/Chris Brown - City Girls.mp3
2026-08-26T21:27:32 update: added Music/Electro-Light - Symbolism.mp3
2026-08-26T21:27:32 update: added Music/Julia Michaels - Issues.mp3
2026-08-26T21:27:32 update: added Music/Yungen - Take My Number (feat. Àngel).mp3
2026-08-26T21:27:32 update: added Music/RITA ORA - Body on Me.mp3
2026-08-26T21:27:32 update: added Music/D-Major - Deal Is Done.mp3
2026-08-26T21:27:32 update: added Music/Stevie Stone - Rap Gamez Callin.mp3
2026-08-26T21:27:32 update: added Music/One Direction - Story of My Life.mp3
2026-08-26T21:27:32 update: added Music/Ne-Yo - Time of Our Lives.mp3
2026-08-26T21:27:33 update: added Music/M.O - Bad Vibe.mp3
2026-08-26T21:27:33 update: added Music/Tove Styrke - Say My Name.mp3
2026-08-26T21:27:33 update: added Music/Nicki Minaj - High School.mp3
2026-08-26T21:27:33 update: added Music/Lady Gaga - Hold My Hand.mp3
2026-08-26T21:27:33 update: added Music/Nardo Wick - Dah Dah DahDah.mp3
2026-08-26T21:27:33 update: added Music/Namadingo - Nge.mp3
2026-08-26T21:27:33 update: added Music/Bazzi - Changed.mp3
2026-08-26T21:27:33 update: added Music/Melvitto - Gentility.mp3
2026-08-26T21:27:33 update: added Music/NCS - We Are [NCS Release].mp3
2026-08-26T21:27:33 update: added Music/Ann Marie - Touch Me.mp3
2026-08-26T21:27:33 update: added Music/Burna Boy - Anybody.mp3
2026-08-26T21:27:33 update: added Music/MØ - Goosebumps.mp3
2026-08-26T21:27:33 update: added Music/Bey T - The Most.mp3
2026-08-26T21:27:33 update: added Music/Nadia Mukami - Wangu (feat. Sanaipei Tande).mp3
2026-08-26T21:27:33 update: added Music/4 TOWN (From Disney and Pixar s Turning Red) - Nobody Like U.mp3
2026-08-26T21:27:33 update: added Music/King Kaka - Maliza Na Pombe (Remix).mp3
2026-08-26T21:27:33 update: added Music/Ayra Starr - Who s Dat Girl.mp3
2026-08-26T21:27:33 update: added Music/MØ - Nights With You.mp3
2026-08-26T21:27:33 update: added Music/Deep Chills - Run Free (Radio Edit).mp3
2026-08-26T21:27:33 update: added Music/Olamide ft Omah Lay - Infinity.mp3
2026-08-26T21:27:33 update: added Music/Khalid - Present.mp3
2026-08-26T21:27:33 update: added Music/Prince Indah - Rapudo.mp3
2026-08-26T21:27:33 update: added Music/Costa Titch - Big Flexa.mp3
2026-08-26T21:27:33 update: added Music/Omarion - Distance.mp3
2026-08-26T21:27:33 update: added Music/Metro Boomin - Raindrops (Insane).mp3
2026-08-26T21:27:33 update: added Music/Eric Zayne - Exile.mp3
2026-08-26T21:27:33 update: added Music/Young Thug - Daddy s Birthday.mp3
2026-08-26T21:27:33 update: added Music/Rich Gang - Lifestyle.mp3
2026-08-26T21:27:33 update: added Music/Cardi B - I Like It.mp3
2026-08-26T21:27:33 update: added Music/Lil Nas X - SCOOP (feat. Doja Cat).mp3
2026-08-26T21:27:33 update: added Music/Fetty Wap - My Way (feat. Monty).mp3
2026-08-26T21:27:33 update: added Music/Sigala - Melody.mp3
2026-08-26T21:27:33 update: added Music/The Weeknd - Blinding Lights.mp3
2026-08-26T21:27:33 update: added Music/Machine Gun Kelly - play this when i m gone.mp3
2026-08-26T21:27:33 update: added Music/King Kaka - Fei.mp3
2026-08-26T21:27:33 update: added Music/JP Cooper - Sing It With Me.mp3
2026-08-26T21:27:33 update: added Music/Flo Rida - Whistle.mp3
2026-08-26T21:27:33 update: added Music/Boostereo - Dub-I-Dub.mp3
2026-08-26T21:27:33 update: added Music/Maua Sama - Nioneshe.mp3
2026-08-26T21:27:33 update: added Music/Ampyx - Skyfall.mp3
2026-08-26T21:27:33 update: added Music/Drake - Nonstop.mp3
2026-08-26T21:27:33 update: added Music/Ty Dolla $ign - Or Nah (feat. Wiz Khalifa   DJ Mustard).mp3
2026-08-26T21:27:34 update: added Music/Loui - Hennessy.mp3
2026-08-26T21:27:34 update: added Music/Luis Fonsi - Sola (English Version).mp3
2026-08-26T21:27:34 update: added Music/Bien - Inauma.mp3
2026-08-26T21:27:34 update: added Music/CKay - Emiliana.mp3
2026-08-26T21:27:34 update: added Music/Ed Sheeran - I Don t Care.mp3
2026-08-26T21:27:34 update: added Music/Chris Brown - Gimme That.mp3
2026-08-26T21:27:34 update: added Music/Bebe Rexha - Meant to Be (feat. Florida Georgia Line).mp3
2026-08-26T21:27:34 update: added Music/Melanie C - Never Be The Same Again (Single Mix).mp3
2026-08-26T21:27:34 update: added Music/Christopher Martin - Cheater s Prayer.mp3
2026-08-26T21:27:34 update: added Music/Kranium - Last Night.mp3
2026-08-26T21:27:34 update: added Music/Patoranking - My Woman, My Everything (feat. Wandecoal).mp3
2026-08-26T21:27:34 update: added Music/Kid Ink - Main Chick.mp3
2026-08-26T21:27:34 update: added Music/DJ Maphorisa - Ba Straata (feat. 2woshortrsa, Stompiiey, Sha.mp3
2026-08-26T21:27:34 update: added Music/Alicia Keys - It s On Again (Main Soundtrack).mp3
2026-08-26T21:27:34 update: added Music/Navy Kenzo - Magical.mp3
2026-08-26T21:27:34 update: added Music/Shashl - Dhindindi.mp3
2026-08-26T21:27:34 update: added Music/for King   Country - God Only Knows.mp3
2026-08-26T21:27:34 update: added Music/ZIEZIE - Sensei.mp3
2026-08-26T21:27:34 update: added Music/Au_Ra - Ghost.mp3
2026-08-26T21:27:34 update: added Music/Flo Rida - Right Round.mp3
2026-08-26T21:27:34 update: added Music/Bigpin - Talk to You.mp3
2026-08-26T21:27:34 update: added Music/JPB - High.mp3
2026-08-26T21:27:34 update: added Music/Lewis Capaldi - Someone You Loved.mp3
2026-08-26T21:27:34 update: added Music/NF - The Search.mp3
2026-08-26T21:27:34 update: added Music/Maite Perroni - Loca (feat. Cali y El Dandee).mp3
2026-08-26T21:27:34 update: added Music/Amadeus - Shift.mp3
2026-08-26T21:27:34 update: added Music/Rae Sremmurd - Come Get Her.mp3
2026-08-26T21:27:34 update: added Music/Jason Derulo - Acapulco.mp3
2026-08-26T21:27:34 update: added Music/Iniko - Jericho.mp3
2026-08-26T21:27:34 update: added Music/Karol G - Tusa.mp3
2026-08-26T21:27:34 update: added Music/Mimi Mars - Ex.mp3
2026-08-26T21:27:34 update: added Music/Oh My - Patrick Patrikios.mp3
2026-08-26T21:27:34 update: added Music/DJ Khaled - Wish Wish.mp3
2026-08-26T21:27:34 update: added Music/Lil Nas X - Old Town Road.mp3
2026-08-26T21:27:34 update: added Music/Calvin Harris - Outside.mp3
2026-08-26T21:27:34 update: added Music/Maandy - Sirudi Home (feat. BREEDER LW   NDOVU KUU) (Refix).mp3
2026-08-26T21:27:34 update: added Music/East African Bashment Crew - Fire Anthem.mp3
2026-08-26T21:27:34 update: added Music/Vicetone - Something Strange.mp3
2026-08-26T21:27:34 update: added Music/Ric Hassani - Only You.mp3
2026-08-26T21:27:34 update: added Music/Saint Avangeline - Young and Beautiful.mp3
2026-08-26T21:27:34 update: added Music/Dax - i don t want another sorry.mp3
2026-08-26T21:27:34 update: added Music/Avicii - Hey Brother.mp3
2026-08-26T21:27:34 update: added Music/WSTRN - Txtin  (feat. Alkaline).mp3
2026-08-26T21:27:34 update: added Music/Ty Dolla $ign - Campaign (feat. Future).mp3
2026-08-26T21:27:34 update: added Music/Chris Brown - No Guidance (feat. Drake).mp3
2026-08-26T21:27:34 update: added Music/Iyanya - Like.mp3
2026-08-26T21:27:35 update: added Music/HRVY - Golden Hour.mp3
2026-08-26T21:27:35 update: added Music/Patrice Roberts - Tender.mp3
2026-08-26T21:27:35 update: added Music/Maroon 5 - Moves Like Jagger.mp3
2026-08-26T21:27:35 update: added Music/Lui Cruz - WELE DANCE.mp3
2026-08-26T21:27:35 update: added Music/Charli XCX - Boys.mp3
2026-08-26T21:27:35 update: added Music/Nyashinski - Grateful.mp3
2026-08-26T21:27:35 update: added Music/ROZES - Where Would We Be.mp3
2026-08-26T21:27:35 update: added Music/Ruger - Girlfriend.mp3
2026-08-26T21:27:35 update: added Music/Now United - Clockwork.mp3
2026-08-26T21:27:35 update: added Music/Maroon 5 - What Lovers Do.mp3
2026-08-26T21:27:35 update: added Music/Daijo - Flashback.mp3
2026-08-26T21:27:35 update: added Music/Shenseea - Blessed.mp3
2026-08-26T21:27:35 update: added Music/Young Thug - The London (feat. J. Cole   Travis Scott).mp3
2026-08-26T21:27:35 update: added Music/YG - My Nigga (Remix).mp3
2026-08-26T21:27:35 update: added Music/Pia Mia - Mr. President.mp3
2026-08-26T21:27:35 update: added Music/The Chainsmokers - Something Just Like This.mp3
2026-08-26T21:27:35 update: added Music/Tessa Thompson - I Will Go to War.mp3
2026-08-26T21:27:35 update: added Music/Andy Bumuntu - On Fire.mp3
2026-08-26T21:27:35 update: added Music/K-391 - Lonely World.mp3
2026-08-26T21:27:35 update: added Music/Tiësto - The Motto.mp3
2026-08-26T21:27:35 update: added Music/Enrique Iglesias - Bailando (English Version).mp3
2026-08-26T21:27:35 update: added Music/Benson Boone - Beautiful Things.mp3
2026-08-26T21:27:35 update: added Music/The Chainsmokers - Closer.mp3
2026-08-26T21:27:35 update: added Music/Nadia Mukami - Si Rahisi.mp3
2026-08-26T21:27:35 update: added Music/Pentatonix - La La Latch.mp3
2026-08-26T21:27:35 update: added Music/Khalid - Better.mp3
2026-08-26T21:27:35 update: added Music/L.A.X - Go Low.mp3
2026-08-26T21:27:35 update: added Music/Jason Derulo - The Sky s the Limit.mp3
2026-08-26T21:27:35 update: added Music/David Banner - Shawty Say (Album Version Explicit).mp3
2026-08-26T21:27:35 update: added Music/Zzero Sufuri - Mapangale.mp3
2026-08-26T21:27:35 update: added Music/Sinach - Way Maker.mp3
2026-08-26T21:27:35 update: added Music/Chris Brown - C.A.B. (Catch A Body) (feat. Fivio Foreign).mp3
2026-08-26T21:27:35 update: added Music/Benny Blanco - Eastside.mp3
2026-08-26T21:27:35 update: added Music/Mike_Shinoda_Heavy_Is_The_Crown_Original_Score_from_the_ser.mp3
2026-08-26T21:27:35 update: added Music/Elton John - Hold Me Closer.mp3
2026-08-26T21:27:35 update: added Music/Laa Lee - Bong Bing.mp3
2026-08-26T21:27:35 update: added Music/Nicky Jam - X.mp3
2026-08-26T21:27:35 update: added Music/Farruko - On My Way.mp3
2026-08-26T21:27:35 update: added Music/Anne-Marie - 2002.mp3
2026-08-26T21:27:36 update: added Music/Alan Walker - Lily.mp3
2026-08-26T21:27:36 update: added Music/Tate McRae - what would you do.mp3
2026-08-26T21:27:36 update: added Music/Nico   Vinz - Am I Wrong.mp3
2026-08-26T21:27:36 update: added Music/Mavado - Final Destination.mp3
2026-08-26T21:27:36 update: added Music/FAVE - Mr Man.mp3
2026-08-26T21:27:36 update: added Music/Sean Paul - Only Fanz.mp3
2026-08-26T21:27:36 update: added Music/Armin van Buuren - Blah Blah Blah.mp3
2026-08-26T21:27:36 update: added Music/Lil Tjay - Run It Up (feat. Offset   Moneybagg Yo).mp3
2026-08-26T21:27:36 update: added Music/Dax - Dear Alcohol.mp3
2026-08-26T21:27:36 update: added Music/Taylor Swift - Maroon.mp3
2026-08-26T21:27:36 update: added Music/The Wellermen - Hoist The Colours.mp3
2026-08-26T21:27:36 update: added Music/Young M.A - BIG.mp3
2026-08-26T21:27:36 update: added Music/Zara Larsson - Never Forget You.mp3
2026-08-26T21:27:36 update: added Music/Young Thug - On Fire.mp3
2026-08-26T21:27:36 update: added Music/Kamo_Mphela_Partii_feat_Aymos,_Jay_Music,_QUE_DJ_SpacePose.mp3
2026-08-26T21:27:36 update: added Music/Nyashinski - Celebrate Life.mp3
2026-08-26T21:27:36 update: added Music/Bruno Mars - Just the Way You Are.mp3
2026-08-26T21:27:36 update: added Music/Rayvanny - TE QUIERO (COVER).mp3
2026-08-26T21:27:36 update: added Music/Kelly Clarkson - My Life Would Suck Without You.mp3
2026-08-26T21:27:36 update: added Music/NIVIRO - Flares [NCS Release].mp3
2026-08-26T21:27:36 update: added Music/Reuben Kigame Na Sifa Voices - Ameiyweishe.mp3
2026-08-26T21:27:36 update: added Music/Ed Sheeran - Thinking out Loud.mp3
2026-08-26T21:27:36 update: added Music/Clean Bandit - Drive (feat. Wes Nelson).mp3
2026-08-26T21:27:36 update: added Music/D-Major - Girl of My Dream.mp3
2026-08-26T21:27:36 update: added Music/Demi Lovato - Really Don t Care.mp3
2026-08-26T21:27:36 update: added Music/Linkin Park - CASTLE OF GLASS.mp3
2026-08-26T21:27:36 update: added Music/Gregory Isaacs - Hard Drugs.mp3
2026-08-26T21:27:36 update: added Music/Jason_Derulo_Swalla_feat_Nicki_Minaj_Ty_Dolla_$ign.mp3
2026-08-26T21:27:36 update: added Music/Kofi - I m Yours.mp3
2026-08-26T21:27:36 update: added Music/Imagine Dragons - Believer.mp3
2026-08-26T21:27:36 update: added Music/Nicki Minaj - Only.mp3
2026-08-26T21:27:36 update: added Music/Pascal Letoublon - Friendships.mp3
2026-08-26T21:27:36 update: added Music/Siddy Ranks - Never To Late.mp3
2026-08-26T21:27:36 update: added Music/Da Tweekaz - Firestarter.mp3
2026-08-26T21:27:36 update: added Music/Masked Wolf - Astronaut In The Ocean.mp3
2026-08-26T21:27:36 update: added Music/Major Lazer - Know No Better (feat. Travis Scott, Camila Cab.mp3
2026-08-26T21:27:36 update: added Music/Alan Walker - Do It All for You.mp3
2026-08-26T21:27:37 update: added Music/The Weeknd - Save Your Tears (Remix).mp3
2026-08-26T21:27:37 update: added Music/Jonas Blue - Mama.mp3
2026-08-26T21:27:37 update: added Music/Taylor Swift - I Knew You Were Trouble (Taylor s Version).mp3
2026-08-26T21:27:37 update: added Music/Gryffin - Safe with Me.mp3
2026-08-26T21:27:37 update: added Music/Rixton - Me And My Broken Heart.mp3
2026-08-26T21:27:37 update: added Music/Nadia Batson - Nothing Better.mp3
2026-08-26T21:27:37 update: added Music/Vicetone - Fences.mp3
2026-08-26T21:27:37 update: added Music/Charlie Puth - Left and Right (Feat. Jung Kook of BTS).mp3
2026-08-26T21:27:37 update: added Music/Major Lazer - Watch Out For This (Bumaye) [feat. Busy Signal.mp3
2026-08-26T21:27:37 update: added Music/Ella Henderson - Let s Go Home Together.mp3
2026-08-26T21:27:37 update: added Music/Eccleton Jarrett - Turn On the Heat.mp3
2026-08-26T21:27:37 update: added Music/Aminé - Caroline.mp3
2026-08-26T21:27:37 update: added Music/Loreen - Tattoo.mp3
2026-08-26T21:27:37 update: added Music/Naiboi - 2 in 1.mp3
2026-08-26T21:27:37 update: added Music/ZEDD - I Want You To Know.mp3
2026-08-26T21:27:37 update: added Music/William Black, RUNN - Eyes Closed (ODEA Remix).mp3
2026-08-26T21:27:37 update: added Music/Julia Michaels - Jump.mp3
2026-08-26T21:27:37 update: added Music/Bridget Blue - Drug.mp3
2026-08-26T21:27:37 update: added Music/Bridget Blue - Kesho.mp3
2026-08-26T21:27:37 update: added Music/Janelle Monáe - Yoga.mp3
2026-08-26T21:27:37 update: added Music/Jidenna - Classic Man (Remix).mp3
2026-08-26T21:27:37 update: added Music/Diane Guerrero - What Else Can I Do.mp3
2026-08-26T21:27:37 update: added Music/Little Mix - Confetti (feat. Saweetie).mp3
2026-08-26T21:27:37 update: added Music/Charlie Puth - One Call Away.mp3
2026-08-26T21:27:37 update: added Music/Damma Beatz - BMX.mp3
2026-08-26T21:27:37 update: added Music/Yemi Alade - Baddie.mp3
2026-08-26T21:27:37 update: added Music/Swedish House Mafia - Don t You Worry Child (Radio Edit).mp3
2026-08-26T21:27:37 update: added Music/Illenium - Fractures.mp3
2026-08-26T21:27:37 update: added Music/P-Square - No One Like You (Deluxe).mp3
2026-08-26T21:27:37 update: added Music/One Direction - Best Song Ever.mp3
2026-08-26T21:27:37 update: added Music/Amadeus - Superior.mp3
2026-08-26T21:27:37 update: added Music/Calvin Harris - Feels.mp3
2026-08-26T21:27:37 update: added Music/Christopher Martin - You ll Never Find.mp3
2026-08-26T21:27:37 update: added Music/P-Square - Ifunanya (Deluxe).mp3
2026-08-26T21:27:37 update: added Music/Savannah Dexter - Sinner Like Me.mp3
2026-08-26T21:27:37 update: added Music/Kendrick Lamar - HUMBLE.mp3
2026-08-26T21:27:37 update: added Music/Yvonne Chaka Chaka - I'm Gonna Stop Loving You.mp3
2026-08-26T21:27:37 update: added Music/Melissa Steel - Kisses for Breakfast (feat. Popcaan).mp3
2026-08-26T21:27:37 update: added Music/Tove Lo - No One Dies From Love.mp3
2026-08-26T21:27:37 update: added Music/Ed Sheeran - South of the Border (feat. Camila Cabello   Car.mp3
2026-08-26T21:27:37 update: added Music/Labrinth - Lift Off.mp3
2026-08-26T21:27:38 update: added Music/Sean Paul - Like Glue.mp3
2026-08-26T21:27:38 update: added Music/Chris Brown - Don t Judge Me.mp3
2026-08-26T21:27:38 update: added Music/Mustard - 100 Bands (Album Version).mp3
2026-08-26T21:27:38 update: added Music/Skeng - Sha La La (Sunday Mawnin).mp3
2026-08-26T21:27:38 update: added Music/Khalid - Saturday Nights.mp3
2026-08-26T21:27:38 update: added Music/Wanavokali - Hawataweza.mp3
2026-08-26T21:27:38 update: added Music/Natalie La Rose - Tables.mp3
2026-08-26T21:27:38 update: added Music/NSG - Headliner.mp3
2026-08-26T21:27:38 update: added Music/Ogryzek - AURA.mp3
2026-08-26T21:27:38 update: added Music/New Kids on the Block - Summertime.mp3
2026-08-26T21:27:38 update: added Music/Lord Huron - The Night We Met.mp3
2026-08-26T21:27:38 update: added Music/Nasty C - All In.mp3
2026-08-26T21:27:38 update: added Music/Viola Karuri - Azizi.mp3
2026-08-26T21:27:38 update: added Music/Kuami Eugene - Cryptocurrency.mp3
2026-08-26T21:27:38 update: added Music/Cardi B - Please Me.mp3
2026-08-26T21:27:38 update: added Music/Trey Songz - Slow Motion.mp3
2026-08-26T21:27:38 update: added Music/Young Jeezy - Put On.mp3
2026-08-26T21:27:38 update: added Music/Busy Signal - Perfect Spot.mp3
2026-08-26T21:27:38 update: added Music/Jim Yosef   Alex Skrindo - Ruby [NCS Release].mp3
2026-08-26T21:27:38 update: added Music/Franglish - Sans moi.mp3
2026-08-26T21:27:38 update: added Music/Juicy J - For Everybody.mp3
2026-08-26T21:27:38 update: added Music/Tate McRae - working.mp3
2026-08-26T21:27:38 update: added Music/BLACKPINK - Ice Cream.mp3
2026-08-26T21:27:38 update: added Music/Wiz Khalifa - Promises.mp3
2026-08-26T21:27:38 update: added Music/Goldfish - Hold Your Kite.mp3
2026-08-26T21:27:38 update: added Music/Vivian Kenya - Chingi Changa.mp3
2026-08-26T21:27:38 update: added Music/DJ Khaled - Hold You Down.mp3
2026-08-26T21:27:38 update: added Music/Pentatonix - Perfect.mp3
2026-08-26T21:27:38 update: added Music/SAINt JHN - Roses (Imanbek Remix).mp3
2026-08-26T21:27:38 update: added Music/Pentatonix - Can t Hold Us.mp3
2026-08-26T21:27:38 update: added Music/Kid Ink - Blowin  Swishers Pt. 2 (feat. Starrah).mp3
2026-08-26T21:27:38 update: added Music/Chris Brown - With You.mp3
2026-08-26T21:27:38 update: added Music/Drake - One Dance.mp3
2026-08-26T21:27:38 update: added Music/Jahmiel - Karma.mp3
2026-08-26T21:27:38 update: added Music/ILIRA - Another Heart.mp3
2026-08-26T21:27:38 update: added Music/Charlotte Lawrence - Talk You Down.mp3
2026-08-26T21:27:38 update: added Music/Ciara - I Bet.mp3
2026-08-26T21:27:38 update: added Music/Full Blown - The Greatest Bend Over (Take It Easy).mp3
2026-08-26T21:27:38 update: added Music/Jay Rock - King s Dead.mp3
2026-08-26T21:27:38 update: added Music/Lil Nas X - STAR WALKIN  (League of Legends Worlds Anthem).mp3
2026-08-26T21:27:39 update: added Music/Pentatonix - Daft Punk.mp3
2026-08-26T21:27:39 update: added Music/Popcaan - Wine For Me.mp3
2026-08-26T21:27:39 update: added Music/Travis Scott - BUTTERFLY EFFECT.mp3
2026-08-26T21:27:39 update: added Music/Ariana Grande - Side To Side.mp3
2026-08-26T21:27:39 update: added Music/Loote - 85%.mp3
2026-08-26T21:27:39 update: added Music/Florida Georgia Line - Cruise (Remix).mp3
2026-08-26T21:27:39 update: added Music/Maroon 5 - Payphone.mp3
2026-08-26T21:27:39 update: added Music/Post Malone - 40 Funk.mp3
2026-08-26T21:27:39 update: added Music/Ayra Starr - Bloody Samaritan.mp3
2026-08-26T21:27:39 update: added Music/Martin Garrix - High On Life.mp3
2026-08-26T21:27:39 update: added Music/Bahati - Missing You.mp3
2026-08-26T21:27:39 update: added Music/Shaneil Muir - Black Is Beautiful (single).mp3
2026-08-26T21:27:39 update: added Music/Marshmello - Stars.mp3
2026-08-26T21:27:39 update: added Music/Brick   Lace - Love Is Wicked (Album Version).mp3
2026-08-26T21:27:39 update: added Music/Ariana Grande - Everyday.mp3
2026-08-26T21:27:39 update: added Music/Ahxello - Promise.mp3
2026-08-26T21:27:39 update: added Music/Soun Bwoii - Pump Up.mp3
2026-08-26T21:27:39 update: added Music/Retrovision - Puzzle.mp3
2026-08-26T21:27:39 update: added Music/Chris Brown - New Flame.mp3
2026-08-26T21:27:39 update: added Music/NEFFEX - A YEAR AGO.mp3
2026-08-26T21:27:39 update: added Music/Shawn Mendes - When You re Gone.mp3
2026-08-26T21:27:39 update: added Music/WSTRN - Armagidion (feat. Sai So).mp3
2026-08-26T21:27:39 update: added Music/Nelly - Lil Bit (FGL Remix).mp3
2026-08-26T21:27:39 update: added Music/Wiz Khalifa - You and Your Friends (feat. Snoop Dogg   Ty Do.mp3
2026-08-26T21:27:39 update: added Music/Ty Dolla $ign - Blasé (feat. Future   Rae Sremmurd).mp3
2026-08-26T21:27:39 update: added Music/Ruger - Dior.mp3
2026-08-26T21:27:39 update: added Music/Ellie Goulding - Close To Me.mp3
2026-08-26T21:27:39 update: added Music/SAINt JHN - Just For Me (Space Jam  A New Legacy).mp3
2026-08-26T21:27:39 update: added Music/Kent Jones - Don t Mind.mp3
2026-08-26T21:27:39 update: added Music/Stefflon Don - Hurtin  Me.mp3
2026-08-26T21:27:39 update: added Music/Janet Jackson - Dammn Baby.mp3
2026-08-26T21:27:39 update: added Music/Egzod - Royalty.mp3
2026-08-26T21:27:39 update: added Music/Gierto - Laguna (Original Mix).mp3
2026-08-26T21:27:39 update: added Music/DaBaby - BOP.mp3
2026-08-26T21:27:39 update: added Music/David_Guetta_Family_feat_IZA,_Ty_Dolla_$ign_A_Boogie_W.mp3
2026-08-26T21:27:39 update: added Music/Tiësto - Ritual.mp3
2026-08-26T21:27:39 update: added Music/Billie Eilish - Happier Than Ever (Edit).mp3
2026-08-26T21:27:39 update: added Music/Afrojack - Turn up the Speakers (Radio Edit).mp3
2026-08-26T21:27:39 update: added Music/Walker Hayes - AA.mp3
2026-08-26T21:27:39 update: added Music/Camidoh - Sugarcane.mp3
2026-08-26T21:27:40 update: added Music/Drake - Hotline Bling.mp3
2026-08-26T21:27:40 update: added Music/Nasty C - Lose Some Win Some.mp3
2026-08-26T21:27:40 update: added Music/Pentatonix - Starships.mp3
2026-08-26T21:27:40 update: added Music/Parmalee - Take My Name.mp3
2026-08-26T21:27:40 update: added Music/Syn Cole - Feel Good.mp3
2026-08-26T21:27:40 update: added Music/Unspoken Salaton - Guza Guza.mp3
2026-08-26T21:27:40 update: added Music/Jason Derulo - Trumpets.mp3
2026-08-26T21:27:40 update: added Music/Fireboy Dml - Peru.mp3
2026-08-26T21:27:40 update: added Music/Rich Gang - Im back.mp3
2026-08-26T21:27:40 update: added Music/Alkaline - Pretty Girl Team (Radio Edit).mp3
2026-08-26T21:27:40 update: added Music/Nasty C - Jiggy Jigga.mp3
2026-08-26T21:27:40 update: added Music/King Promise - Sisa.mp3
2026-08-26T21:27:40 update: added Music/Little Mix - No More Sad Songs.mp3
2026-08-26T21:27:40 update: added Music/DubVision - Feels Like Home.mp3
2026-08-26T21:27:40 update: added Music/Kenyan Throwback Old School Local Genge Mix Vol 1   Dj Shinski Nameless, Nonini, E sir, Jua cali.mp3
2026-08-26T21:27:40 update: added Music/Khalid - Location.mp3
2026-08-26T21:27:40 update: added Music/Alkaline - Things Take Time.mp3
2026-08-26T21:27:40 update: added Music/Sean Paul - Other Side of Love.mp3
2026-08-26T21:27:40 update: added Music/Garnett Silk - Place In Your Heart.mp3
2026-08-26T21:27:40 update: added Music/Faouzia - Minefields.mp3
2026-08-26T21:27:40 update: added Music/Demi Lovato - Heart Attack.mp3
2026-08-26T21:27:40 update: added Music/Gryffin - Forever.mp3
2026-08-26T21:27:40 update: added Music/Ed Sheeran - Shivers.mp3
2026-08-26T21:27:40 update: added Music/Morgan Wallen - Last Night.mp3
2026-08-26T21:27:40 update: added Music/Kipsang - Betut Agenge.mp3
2026-08-26T21:27:40 update: added Music/Stylo G - Google.mp3
2026-08-26T21:27:40 update: added Music/Nikita Kering - Never Let You Go.mp3
2026-08-26T21:27:40 update: added Music/Nadia Mukami - Jipe.mp3
2026-08-26T21:27:40 update: added Music/Lost Kings - You (feat. Katelyn Tarver).mp3
2026-08-26T21:27:40 update: added Music/WSTRN - Sharna.mp3
2026-08-26T21:27:40 update: added Music/Avicii - I Could Be The One (Avicii Vs. Nicky Romero) (Radio.mp3
2026-08-26T21:27:40 update: added Music/Tyga - Freaky Deaky.mp3
2026-08-26T21:27:40 update: added Music/Lil Nas X  DOLLA SIGN SLIME ft Megan Thee Stallion.mp3
2026-08-26T21:27:40 update: added Music/Jennifer Lopez - On The Floor (Album Version).mp3
2026-08-26T21:27:40 update: added Music/Owl City - Good Time.mp3
2026-08-26T21:27:40 update: added Music/Ahxello - Levitate.mp3
2026-08-26T21:27:40 update: added Music/David Guetta  Where Them Girls At Audio.mp3
2026-08-26T21:27:40 update: added Music/Brad Paisley - Whiskey Lullaby.mp3
2026-08-26T21:27:40 update: added Music/Gaither - I m The Clay.mp3
2026-08-26T21:27:40 update: added Music/Nick Jonas - Close.mp3
2026-08-26T21:27:41 update: added Music/Doja Cat - Juicy.mp3
2026-08-26T21:27:41 update: added Music/The Script - For the First Time.mp3
2026-08-26T21:27:41 update: added Music/Fifth Harmony - Don t Say You Love Me.mp3
2026-08-26T21:27:41 update: added Music/Maud Elka - Songi songi (Remix).mp3
2026-08-26T21:27:41 update: added Music/I-Octane - Sauce Unlimited.mp3
2026-08-26T21:27:41 update: added Music/Busy Signal - Dreams of Brighter Days.mp3
2026-08-26T21:27:41 update: added Music/Bracket - Just Like That.mp3
2026-08-26T21:27:41 update: added Music/Dinah Jane - Missed a Spot.mp3
2026-08-26T21:27:41 update: added Music/Mr Eazi - Legalize.mp3
2026-08-26T21:27:41 update: added Music/Kiesza feat. Djemba Djemba - Give It To The Moment.mp3
2026-08-26T21:27:41 update: added Music/Marlaw - Pi Pii.mp3
2026-08-26T21:27:41 update: added Music/Plies - Bust It Baby, Pt. 2 (feat. Ne-Yo).mp3
2026-08-26T21:27:41 update: added Music/Roddy Ricch - Aston Martin Truck.mp3
2026-08-26T21:27:41 update: added Music/Mabel - Mad Love.mp3
2026-08-26T21:27:41 update: added Music/DJ Snake - Disco Maghreb.mp3
2026-08-26T21:27:41 update: added Music/Fergie - L.A.LOVE (la la) [feat. YG].mp3
2026-08-26T21:27:41 update: added Music/Konshens - Stop Sign.mp3
2026-08-26T21:27:41 update: added Music/Young Thug - Me or Us.mp3
2026-08-26T21:27:41 update: added Music/The Chainsmokers - Don t Let Me Down.mp3
2026-08-26T21:27:41 update: added Music/Toxic Lyrikali - Chinje.mp3
2026-08-26T21:27:41 update: added Music/Roberto - Ama-Rulah.mp3
2026-08-26T21:27:41 update: added Music/John Legend - Nervous (Piano Version).mp3
2026-08-26T21:27:41 update: added Music/Kiana Ledé - Big Spender.mp3
2026-08-26T21:27:41 update: added Music/Ahxello - Hope.mp3
2026-08-26T21:27:41 update: added Music/King Promise - Commando (Remix).mp3
2026-08-26T21:27:41 update: added Music/Lewis Thompson - Take Me Back.mp3
2026-08-26T21:27:41 update: added Music/Disfigure - Blank.mp3
2026-08-26T21:27:41 update: added Music/Mohombi - Coconut Tree.mp3
2026-08-26T21:27:41 update: added Music/Ray Boltz - I Pledge Allegiance To The Lamb.mp3
2026-08-26T21:27:41 update: added Music/Taylor Swift - Mastermind.mp3
2026-08-26T21:27:41 update: added Music/Flo Rida - Good Feeling.mp3
2026-08-26T21:27:41 update: added Music/Wiz Khalifa - Something New (feat. Ty Dolla $ign).mp3
2026-08-26T21:27:41 update: added Music/Flo Rida - GDFR (feat. Sage the Gemini   Lookas).mp3
2026-08-26T21:27:42 update: added Music/The Collective Ug - Breathe (Acoustic).mp3
2026-08-26T21:27:42 update: added Music/Jae5 - Propeller (feat. Dave   BNXN).mp3
2026-08-26T21:27:42 update: added Music/Young T   Bugsey - Don t Rush.mp3
2026-08-26T21:27:42 update: added Music/Preston Pablo - Dance Alone.mp3
2026-08-26T21:27:42 update: added Music/Charlie Puth - We Don t Talk Anymore (feat. Selena Gomez).mp3
2026-08-26T21:27:42 update: added Music/Tobu - Candyland.mp3
2026-08-26T21:27:42 update: added Music/Tyga - Sunshine.mp3
2026-08-26T21:27:42 update: added Music/Zaza - Be Together [NCS Release].mp3
2026-08-26T21:27:42 update: added Music/DJ Snake - Turn Down for What.mp3
2026-08-26T21:27:42 update: added Music/Gunna - fukumean.mp3
2026-08-26T21:27:42 update: added Music/Half Pint - Just Be Good.mp3
2026-08-26T21:27:42 update: added Music/Shayne Ward - Breathless.mp3
2026-08-26T21:27:42 update: added Music/Hailee Steinfeld - Starving.mp3
2026-08-26T21:27:42 update: added Music/DNCE - Cake By The Ocean.mp3
2026-08-26T21:27:42 update: added Music/Nadia Mukami - Ikamate Hio.mp3
2026-08-26T21:27:42 update: added Music/AURORA - Runaway.mp3
2026-08-26T21:27:42 update: added Music/John K - A LOT (Remix).mp3
2026-08-26T21:27:42 update: added Music/Linked Horizon - Shinzo wo Sasageyo!.mp3
2026-08-26T21:27:42 update: added Music/Hezron - Can t Come Between.mp3
2026-08-26T21:27:42 update: added Music/Chord Overstreet - Hold On.mp3
2026-08-26T21:27:42 update: added Music/Pentatonix - Despacito x Shape Of You.mp3
2026-08-26T21:27:42 update: added Music/Limitless - Whine It.mp3
2026-08-26T21:27:42 update: added Music/Pentatonix - Say Something.mp3
2026-08-26T21:27:42 update: added Music/Sigala - Feels Like Home.mp3
2026-08-26T21:27:42 update: added Music/Gryffin - After You.mp3
2026-08-26T21:27:42 update: added Music/Ty Dolla $ign - I Won.mp3
2026-08-26T21:27:42 update: added Music/Walker Hayes - Fancy Like.mp3
2026-08-26T21:27:42 update: added Music/Ariana Grande - Santa Tell Me.mp3
2026-08-26T21:27:42 update: added Music/Kygo - Firestone.mp3
2026-08-26T21:27:42 update: added Music/Shenseea - Wine.mp3
2026-08-26T21:27:42 update: added Music/Carlie Hanson - WYA.mp3
2026-08-26T21:27:42 update: added Music/P-Square - Do Me (Deluxe).mp3
2026-08-26T21:27:42 update: added Music/Leony - Faded Love.mp3
2026-08-26T21:27:42 update: added Music/Wash - Can t Trust Thots.mp3
2026-08-26T21:27:42 update: added Music/Chuck Fenda - Warning.mp3
2026-08-26T21:27:42 update: added Music/Nyashinski - P.I.C. (Partner In Crime).mp3
2026-08-26T21:27:42 update: added Music/Alan Walker - Blue.mp3
2026-08-26T21:27:42 update: added Music/Tory Lanez - Broke Leg.mp3
2026-08-26T21:27:42 update: added Music/Nicki Minaj - Fly.mp3
2026-08-26T21:27:42 update: added Music/Nicki Minaj - Right By My Side.mp3
2026-08-26T21:27:42 update: added Music/P!nk_Just_Like_Fire_From_the_Original_Motion_Picture_Ali.mp3
2026-08-26T21:27:42 update: added Music/Sharon Doorson - Fail In Love.mp3
2026-08-26T21:27:43 update: added Music/BlasterJaxx - The Devil s Holding On (feat. Diandra Faye).mp3
2026-08-26T21:27:43 update: added Music/Nadia Mukami - Nipe Yote.mp3
2026-08-26T21:27:43 update: added Music/Jahmiel - A Better Tomorrow.mp3
2026-08-26T21:27:43 update: added Music/Nyashinski - Hello.mp3
2026-08-26T21:27:43 update: added Music/Chevaughn - When You re Here.mp3
2026-08-26T21:27:43 update: added Music/NCS - Why Do I  (feat. Bri Tolani) [NCS Release].mp3
2026-08-26T21:27:43 update: added Music/Tarrus Riley - Gimme Likkle One Drop.mp3
2026-08-26T21:27:43 update: added Music/Charlie Puth - How Long.mp3
2026-08-26T21:27:43 update: added Music/Galantis - Runaway (U   I).mp3
2026-08-26T21:27:43 update: added Music/The Future Kingz - 3 Vets.mp3
2026-08-26T21:27:43 update: added Music/Karmin - Hello.mp3
2026-08-26T21:27:43 update: added Music/BlocBoy JB - Look Alive (feat. Drake).mp3
2026-08-26T21:27:43 update: added Music/Machine Gun Kelly - Bad Things.mp3
2026-08-26T21:27:43 update: added Music/Aazar - Diva (with Swae Lee   Tove Lo).mp3
2026-08-26T21:27:43 update: added Music/WSTRN - Never Find.mp3
2026-08-26T21:27:43 update: added Music/Arianna - Bella Vita (feat. Shaggy).mp3
2026-08-26T21:27:43 update: added Music/Chris Brown - Luckiest Man.mp3
2026-08-26T21:27:43 update: added Music/John Legend - Nervous.mp3
2026-08-26T21:27:43 update: added Music/Ciara - Level Up.mp3
2026-08-26T21:27:43 update: added Music/TheFatRat - Fly Away.mp3
2026-08-26T21:27:43 update: added Music/Marshmello   Omar LinX - Keep It Mello (feat. Omar LinX).mp3
2026-08-26T21:27:43 update: added Music/Alan Walker - Heading Home.mp3
2026-08-26T21:27:43 update: added Music/John Blaq - Follow.mp3
2026-08-26T21:27:43 update: added Music/Tinashe_Me_So_Bad_feat_Ty_Dolla_$ign_French_Montana.mp3
2026-08-26T21:27:43 update: added Music/Ariana Grande - Love Me Harder.mp3
2026-08-26T21:27:43 update: added Music/Nicki Minaj - Do We Have A Problem.mp3
2026-08-26T21:27:43 update: added Music/Cardi B - Drip (feat. Migos).mp3
2026-08-26T21:27:43 update: added Music/Chris Brown - Iffy.mp3
2026-08-26T21:27:43 update: added Music/Tinashe - 2 On.mp3
2026-08-26T21:27:43 update: added Music/Burna Boy - Tonight.mp3
2026-08-26T21:27:43 update: added Music/Usher - Climax.mp3
2026-08-26T21:27:43 update: added Music/Deorro - Five More Hours (Deorro x Chris Brown).mp3
2026-08-26T21:27:43 update: added Music/Ron Kenoly - Hallelujah to the King of Kings (Live).mp3
2026-08-26T21:27:43 update: added Music/No Wyld - Let Me Know.mp3
2026-08-26T21:27:43 update: added Music/Tiësto - Wasted.mp3
2026-08-26T21:27:43 update: added Music/1Biggs Don - Bwoii Affi  Watch Eh Style.mp3
2026-08-26T21:27:43 update: added Music/Cheat Codes - How Do You Love (with Lee Brice   Lindsay Ell).mp3
2026-08-26T21:27:43 update: added Music/Saweetie - Sway With Me.mp3
2026-08-26T21:27:43 update: added Music/Selena Gomez - Look At Her Now.mp3
2026-08-26T21:27:44 update: added Music/Ammara Brown - Akiliz.mp3
2026-08-26T21:27:44 update: added Music/Lost Kings - Oops (I m Sorry).mp3
2026-08-26T21:27:44 update: added Music/Selena Gomez - Wolves.mp3
2026-08-26T21:27:44 update: added Music/Ariana Grande - 34+35.mp3
2026-08-26T21:27:44 update: added Music/J Capri - Boom   Bend Over.mp3
2026-08-26T21:27:44 update: added Music/Sean Paul - Temperature.mp3
2026-08-26T21:27:44 update: added Music/Jennifer Lopez - Ain t Your Mama.mp3
2026-08-26T21:27:44 update: added Music/Kenny Rogers - The Gambler.mp3
2026-08-26T21:27:44 update: added Music/Travis Scott - SDP Interlude (Slowed + Reverb).mp3
2026-08-26T21:27:44 update: added Music/Macklemore x Ryan Lewis - Can't Hold Us [Southend Revolution Remix] 『Slowed ⭒ Reverb』 [eI4VGhBVm8E].mp3
2026-08-26T21:27:44 update: added Music/Psy - Gangnam Style (강남스타일).mp3
2026-08-26T21:27:44 update: added Music/Sean Kingston - Letting Go (Dutty Love) featuring Nicki Mina.mp3
2026-08-26T21:27:44 update: added Music/Iggy Azalea - Lola.mp3
2026-08-26T21:27:44 update: added Music/Phillip Phillips - Gone, Gone, Gone.mp3
2026-08-26T21:27:44 update: added Music/Natacha Burundi - Shikisha.mp3
2026-08-26T21:27:44 update: added Music/Vybz Kartel - Credit Alone Done.mp3
2026-08-26T21:27:44 update: added Music/Nyashinski - Becoming.mp3
2026-08-26T21:27:44 update: added Music/Ron Kenoly - Glory Be to Jesus (Live).mp3
2026-08-26T21:27:44 update: added Music/Fifth Harmony - Write On Me.mp3
2026-08-26T21:27:44 update: added Music/Kendrick Lamar - Bitch, Don t Kill My Vibe.mp3
2026-08-26T21:27:44 update: added Music/Pentatonix - Joy to the World.mp3
2026-08-26T21:27:44 update: added Music/Jane Zhang - Fighting Shadows (From Terminator Genisys).mp3
2026-08-26T21:27:44 update: added Music/Young Thug - You Said (feat. Quavo).mp3
2026-08-26T21:27:44 update: added Music/LSD - No New Friends (feat. Sia, Diplo   Labrinth).mp3
2026-08-26T21:27:44 update: added Music/Mustard - Baguettes in the Face.mp3
2026-08-26T21:27:44 update: added Music/DJ Snake - The Half.mp3
2026-08-26T21:27:44 update: added Music/SICK INDIVIDUALS  - Fireflies ft Nazzereene.mp3
2026-08-26T21:27:44 update: added Music/Cheat Codes - Sex.mp3
2026-08-26T21:27:44 update: added Music/French Montana - No Stylist (feat. Drake).mp3
2026-08-26T21:27:44 update: added Music/Savage Savo - Girls Want Love.mp3
2026-08-26T21:27:44 update: added Music/Julius Dreisig - Invisible.mp3
2026-08-26T21:27:44 update: added Music/Johnny Drille - ova.mp3
2026-08-26T21:27:44 update: added Music/BLACKPINK - DDU-DU DDU-DU.mp3
2026-08-26T21:27:44 update: added Music/NAV - Don t Need Friends.mp3
2026-08-26T21:27:44 update: added Music/Jon Pardi - Last Night Lonely.mp3
2026-08-26T21:27:44 update: added Music/Ayra Starr - Rush.mp3
2026-08-26T21:27:44 update: added Music/Nicki Minaj - Moment 4 Life.mp3
2026-08-26T21:27:44 update: added Music/Alan Walker - Lonely.mp3
2026-08-26T21:27:44 update: added Music/Chris Brown - Bad Then A Beach (feat. Tory Lanez).mp3
2026-08-26T21:27:44 update: added Music/Pop Smoke - Hello.mp3
2026-08-26T21:27:44 update: added Music/Koffee - Toast.mp3
2026-08-26T21:27:45 update: added Music/Tyla - Jump.mp3
2026-08-26T21:27:45 update: added Music/Avicii - Without You.mp3
2026-08-26T21:27:45 update: added Music/Jason Derulo - What If.mp3
2026-08-26T21:27:45 update: added Music/Jay Sean - Down.mp3
2026-08-26T21:27:45 update: added Music/VOUS Worship - Loyal (OMG).mp3
2026-08-26T21:27:45 update: added Music/Kranium - Confessions.mp3
2026-08-26T21:27:45 update: added Music/Rosalía - TKN.mp3
2026-08-26T21:27:45 update: added Music/Post Malone - Congratulations.mp3
2026-08-26T21:27:45 update: added Music/Travis Scott - goosebumps.mp3
2026-08-26T21:27:45 update: added Music/Becky G - Arranca (feat. Omega).mp3
2026-08-26T21:27:45 update: added Music/Maua Sama - Nioneshe (feat. Alikiba).mp3
2026-08-26T21:27:45 update: added Music/Koffee - Pull Up.mp3
2026-08-26T21:27:45 update: added Music/Pentatonix - O Come, All Ye Faithful.mp3
2026-08-26T21:27:45 update: added Music/CKay - love nwantiti (ah ah ah) [feat. Joeboy   Kuami Eugene.mp3
2026-08-26T21:27:45 update: added Music/Slander - Nothing Hurts Like Goodbye (with Kiiara).mp3
2026-08-26T21:27:45 update: added Music/Calvin Harris - Summer.mp3
2026-08-26T21:27:45 update: added Music/Fuse ODG - Azonto.mp3
2026-08-26T21:27:45 update: added Music/Yung Bleu - Baddest.mp3
2026-08-26T21:27:45 update: added Music/Schoolboy Q - Hell of a Night.mp3
2026-08-26T21:27:45 update: added Music/Wanavokali - Rhumba.mp3
2026-08-26T21:27:45 update: added Music/Brett Young - In Case You Didn t Know.mp3
2026-08-26T21:27:45 update: added Music/Chris Brown - Grass Ain t Greener.mp3
2026-08-26T21:27:45 update: added Music/Tarrus Riley - Don t Come Back.mp3
2026-08-26T21:27:45 update: added Music/Offset - Clout.mp3
2026-08-26T21:27:45 update: added Music/Alan Walker - Sad Sometimes.mp3
2026-08-26T21:27:45 update: added Music/The Script - Science & Faith.mp3
2026-08-26T21:27:45 update: added Music/Metro Boomin - All The Money (Bonus).mp3
2026-08-26T21:27:45 update: added Music/Pentatonix - Perfume Medley.mp3
2026-08-26T21:27:45 update: added Music/Shania Twain - Waking Up Dreaming.mp3
2026-08-26T21:27:45 update: added Music/Alikiba - Omukwano (feat. Tommy Flavour).mp3
2026-08-26T21:27:45 update: added Music/Jordin Sparks - One Step At a Time.mp3
2026-08-26T21:27:45 update: added Music/Trey Songz - She Lovin It.mp3
2026-08-26T21:27:45 update: added Music/Meghan Trainor - Like I m Gonna Lose You.mp3
2026-08-26T21:27:45 update: added Music/Lil Nas X - INDUSTRY BABY.mp3
2026-08-26T21:27:46 update: added Music/Post Malone - Hollywood s Bleeding.mp3
2026-08-26T21:27:46 update: added Music/DJ Storm, Desert Storm South, Fat Joe, Lil Wayne, R. Kelly,.mp3
2026-08-26T21:27:46 update: added Music/Halsey - Without Me.mp3
2026-08-26T21:27:46 update: added Music/Scotty Mccreery - Damn Strait.mp3
2026-08-26T21:27:46 update: added Music/ILoveMakonnen - Tuesday (feat. Drake).mp3
2026-08-26T21:27:46 update: added Music/The Weeknd - Pray For Me.mp3
2026-08-26T21:27:46 update: added Music/Kid Ink - That s on You.mp3
2026-08-26T21:27:46 update: added Music/Josh Ross - Want This Beer.mp3
2026-08-26T21:27:46 update: added Music/SZA - I Hate U.mp3
2026-08-26T21:27:46 update: added Music/Samantha J - Tight Skirt.mp3
2026-08-26T21:27:46 update: added Music/NAV - Never Sleep.mp3
2026-08-26T21:27:46 update: added Music/Kelly Rowland - Motivation.mp3
2026-08-26T21:27:46 update: added Music/Little Mix - Is Your Love Enough.mp3
2026-08-26T21:27:46 update: added Music/Anne-Marie - Beautiful.mp3
2026-08-26T21:27:46 update: added Music/ZAYN - PILLOWTALK.mp3
2026-08-26T21:27:46 update: added Music/Fais - Make Me Do.mp3
2026-08-26T21:27:46 update: added Music/Iggy Azalea - Fuck Love.mp3
2026-08-26T21:27:46 update: added Music/Pop Smoke - Mood Swings.mp3
2026-08-26T21:27:46 update: added Music/Konshens - Sexin.mp3
2026-08-26T21:27:46 update: added Music/Aya Nakamura - Pookie.mp3
2026-08-26T21:27:46 update: added Music/Ahxello - Revival.mp3
2026-08-26T21:27:46 update: added Music/Jason Derulo - Take You Dancing.mp3
2026-08-26T21:27:46 update: added Music/Nyashinski - Legendary.mp3
2026-08-26T21:27:46 update: added Music/Halsey - Now Or Never.mp3
2026-08-26T21:27:46 update: added Music/Nadia Mukami - Yule Yule.mp3
2026-08-26T21:27:46 update: added Music/Lexi Jayde - gentle.mp3
2026-08-26T21:27:46 update: added Music/Yo Gotti - 5 Star.mp3
2026-08-26T21:27:46 update: added Music/H.E.R. - Come Through (feat. Chris Brown).mp3
2026-08-26T21:27:46 update: added Music/Marshmello - FRIENDS.mp3
2026-08-26T21:27:46 update: added Music/Mac Voice - Tamu.mp3
2026-08-26T21:27:46 update: added Music/XXXTentacion - Moonlight.mp3
2026-08-26T21:27:46 update: added Music/Iann Dior - I Find It Hard.mp3
2026-08-26T21:27:46 update: added Music/Gramps Morgan - A Woman Like You.mp3
2026-08-26T21:27:46 update: added Music/PLÜM - To Stay.mp3
2026-08-26T21:27:46 update: added Music/Lil Nas X - THATS WHAT I WANT.mp3
2026-08-26T21:27:46 update: added Music/Christopher Martin - My Kinda Girl.mp3
2026-08-26T21:27:46 update: added Music/Miley Cyrus - Wrecking Ball.mp3
2026-08-26T21:27:46 update: added Music/Becky G - Break a Sweat.mp3
2026-08-26T21:27:46 update: added Music/Mike Williams - Ambush.mp3
2026-08-26T21:27:46 update: added Music/Brian Tyler - Fast X.mp3
2026-08-26T21:27:46 update: added Music/Fireboy Dml - Vibration.mp3
2026-08-26T21:27:46 update: added Music/Rudeboy - Reason With Me.mp3
2026-08-26T21:27:47 update: added Music/Ann Marie - My Body.mp3
2026-08-26T21:27:47 update: added Music/Miley Cyrus - We Can t Stop.mp3
2026-08-26T21:27:47 update: added Music/EQRIC - TiK ToK.mp3
2026-08-26T21:27:47 update: added Music/Pentatonix - Hallelujah.mp3
2026-08-26T21:27:47 update: added Music/Zuchu - Cheche (feat. Diamond Platnumz).mp3
2026-08-26T21:27:47 update: added Music/Mike Posner - I Took A Pill In Ibiza (Seeb Remix).mp3
2026-08-26T21:27:47 update: added Music/Shakira - Can t Remember to Forget You.mp3
2026-08-26T21:27:47 update: added Music/Saweetie - My Type.mp3
2026-08-26T21:27:47 update: added Music/Steve Aoki - Whole Again.mp3
2026-08-26T21:27:47 update: added Music/Jay Sean - Make My Love Go.mp3
2026-08-26T21:27:47 update: added Music/VOUS Worship - Give Me Jesus.mp3
2026-08-26T21:27:47 update: added Music/Lukas Graham - 7 Years.mp3
2026-08-26T21:27:47 update: added Music/Tyler Hubbard - 5 Foot 9.mp3
2026-08-26T21:27:47 update: added Music/Fave - Intentions.mp3
2026-08-26T21:27:47 update: added Music/Rudimental - Let Me Live (feat. Anne-Marie   Mr Eazi).mp3
2026-08-26T21:27:47 update: added Music/DJ Snake - Taki Taki.mp3
2026-08-26T21:27:47 update: added Music/Mafikizolo - Love Potion.mp3
2026-08-26T21:27:47 update: added Music/Patoranking - Abule.mp3
2026-08-26T21:27:47 update: added Music/Illenium - From The Ashes (with Skylar Grey).mp3
2026-08-26T21:27:48 update: added Music/Ann Marie - Throw It Back.mp3
2026-08-26T21:27:48 update: added Music/Khalid - Saturday Nights REMIX.mp3
2026-08-26T21:27:48 update: added Music/Mozzy - In My Face.mp3
2026-08-26T21:27:48 update: added Music/Khalid - OTW.mp3
2026-08-26T21:27:48 update: added Music/The Veronicas - Untouched.mp3
2026-08-26T21:27:48 update: added Music/Tate McRae - lie to me.mp3
2026-08-26T21:27:48 update: added Music/Sam Smith - Too Good At Goodbyes.mp3
2026-08-26T21:27:48 update: added Music/Ampyx - Ember.mp3
2026-08-26T21:27:48 update: added Music/TomE - I Pray.mp3
2026-08-26T21:27:48 update: added Music/Astrid S - Hurts So Good.mp3
2026-08-26T21:27:48 update: added Music/Don Campbell - See It In Your Eyes.mp3
2026-08-26T21:27:48 update: added Music/Mustard - On GOD.mp3
2026-08-26T21:27:48 update: added Music/Patoranking - No Kissing Baby.mp3
2026-08-26T21:27:48 update: added Music/Chris Brown - Under The Influence.mp3
2026-08-26T21:27:48 update: added Music/Wale - My Love (feat. Major Lazer, WizKid, Dua Lipa).mp3
2026-08-26T21:27:48 update: added Music/Gabry Ponte - We Could Be Together (feat. Daddy DJ).mp3
2026-08-26T21:27:48 update: added Music/Trey Songz - Animal.mp3
2026-08-26T21:27:48 update: added Music/Doja Cat - Boss Bitch.mp3
2026-08-26T21:27:48 update: added Music/Bazzi - 3 15.mp3
2026-08-26T21:27:48 update: added Music/Bas - Tribe.mp3
2026-08-26T21:27:48 update: added Music/NLE Choppa - Jumpin.mp3
2026-08-26T21:27:48 update: added Music/GAWVI - Fight For Me.mp3
2026-08-26T21:27:48 update: added Music/Becky G - Problem (The Monster Remix).mp3
2026-08-26T21:27:48 update: added Music/Yvonne Chaka Chaka - Im In Love With A DJ (Album Version).mp3
2026-08-26T21:27:48 update: added Music/Katy Perry - Unconditionally.mp3
2026-08-26T21:27:48 update: added Music/Notch - Nuttin Nuh Go So.mp3
2026-08-26T21:27:48 update: added Music/Jason Derulo - Get Ugly.mp3
2026-08-26T21:27:48 update: added Music/Lil Pump - She Know.mp3
2026-08-26T21:27:48 update: added Music/Marlaw - Rita.mp3
2026-08-26T21:27:48 update: added Music/Wahu - Sweet Love.mp3
2026-08-26T21:27:48 update: added Music/Rotimi - In My Bed.mp3
2026-08-26T21:27:48 update: added Music/David Guetta - Bang My Head (feat. Sia   Fetty Wap) (Extende.mp3
2026-08-26T21:27:48 update: added Music/Nasty C - Said (Coke Studio Africa).mp3
2026-08-26T21:27:48 update: added Music/Avicii - Waiting For Love.mp3
2026-08-26T21:27:48 update: added Music/Kid Ink - No Strings (feat. Starrah).mp3
2026-08-26T21:27:48 update: added Music/Pitbull - Timber (feat. Ke$ha).mp3
2026-08-26T21:27:48 update: added Music/NSG - Suzanna (feat. Patoranking).mp3
2026-08-26T21:27:49 update: added Music/Migos - Cocoon.mp3
2026-08-26T21:27:49 update: added Music/KiDi - Champagne.mp3
2026-08-26T21:27:49 update: added Music/Pentatonix - Sing.mp3
2026-08-26T21:27:49 update: added Music/Connor Price - Spinnin.mp3
2026-08-26T21:27:49 update: added Music/Rihanna - Umbrella.mp3
2026-08-26T21:27:49 update: added Music/Khaligraph Jones - Hao.mp3
2026-08-26T21:27:49 update: added Music/Young Thug - Relationship (feat. Future).mp3
2026-08-26T21:27:49 update: added Music/Bruno Mars - 24K Magic.mp3
2026-08-26T21:27:49 update: added Music/BLACKPINK - Lovesick Girls.mp3
2026-08-26T21:27:49 update: added Music/Kevin Gates - 2 Phones.mp3
2026-08-26T21:27:49 update: added Music/Post Malone - Go Flex.mp3
2026-08-26T21:27:49 update: added Music/Ang3lina - Go Down (feat. Stino).mp3
2026-08-26T21:27:49 update: added Music/Shakira - Try Everything.mp3
2026-08-26T21:27:49 update: added Music/Why Don t We - Unbelievable.mp3
2026-08-26T21:27:49 update: added Music/Becky G - MAMIII.mp3
2026-08-26T21:27:49 update: added Music/Joeboy - Beginning.mp3
2026-08-26T21:27:49 update: added Music/Imagine_Dragons_Enemy_from_the_series_Arcane_League_of_Legend.mp3
2026-08-26T21:27:49 update: added Music/David Guetta - Bang My Head (feat. Sia   Fetty Wap).mp3
2026-08-26T21:27:49 update: added Music/Pentatonix - Finesse.mp3
2026-08-26T21:27:49 update: added Music/Sunidhi Chauhan - DJ (Feat Ali Zafar).mp3
2026-08-26T21:27:49 update: added Music/Blake Shelton - Austin.mp3
2026-08-26T21:27:49 update: added Music/Da ville - Always On My Mind (feat. Sean Paul) (Remix).mp3
2026-08-26T21:27:49 update: added Music/Flo Rida - Hola (feat. Maluma).mp3
2026-08-26T21:27:49 update: added Music/Justin Bieber - Love Me.mp3
2026-08-26T21:27:49 update: added Music/Tiësto - Tear It Down (From Hotel Transylvania 3).mp3
2026-08-26T21:27:49 update: added Music/Otile Brown - Aiyana.mp3
2026-08-26T21:27:49 update: added Music/Dua Lipa - Levitating.mp3
2026-08-26T21:27:49 update: added Music/Rayvanny - Gimmidat.mp3
2026-08-26T21:27:49 update: added Music/Vanessa Mdee - The Way You Are.mp3
2026-08-26T21:27:49 update: added Music/Gryffin - Hurt People.mp3
2026-08-26T21:27:49 update: added Music/Pentatonix - New Rules x Are You That Somebody.mp3
2026-08-26T21:27:49 update: added Music/Machine Gun Kelly - my ex s best friend.mp3
2026-08-26T21:27:49 update: added Music/Eva Simons - Guaya.mp3
2026-08-26T21:27:49 update: added Music/Kiiara - So Sick (feat. blackbear).mp3
2026-08-26T21:27:49 update: added Music/Kin Bella - Nkuwe.mp3
2026-08-26T21:27:49 update: added Music/Darassa - I Like It (feat. Sho Madjozi).mp3
2026-08-26T21:27:49 update: added Music/Mr Eazi - Baby I m Jealous.mp3
2026-08-26T21:27:50 update: added Music/Migos - Slippery (feat. Gucci Mane).mp3
2026-08-26T21:27:50 update: added Music/Destiny s Child - Jumpin , Jumpin.mp3
2026-08-26T21:27:50 update: added Music/Willy Paul - Liar.mp3
2026-08-26T21:27:50 update: added Music/Marshmello - One Thing Right.mp3
2026-08-26T21:27:50 update: added Music/Ty Dolla $ign - Saved (feat. E-40).mp3
2026-08-26T21:27:50 update: added Music/Willy Paul - Coco.mp3
2026-08-26T21:27:50 update: added Music/Nyashinski - Wine.mp3
2026-08-26T21:27:50 update: added Music/J. Cole - a m a r i.mp3
2026-08-26T21:27:50 update: added Music/P-Square - Alingo (Bonus).mp3
2026-08-26T21:27:50 update: added Music/Mapara A Jazz - John Vuli Gate (feat. Ntosh Gazi   Colano).mp3
2026-08-26T21:27:50 update: added Music/Post Malone - Better Now.mp3
2026-08-26T21:27:50 update: added Music/N-Dubz  - Girls.mp3
2026-08-26T21:27:50 update: added Music/Linked Horizon - Guren No Yumiya.mp3
2026-08-26T21:27:50 update: added Music/Tinashe - I Can See The Future.mp3
2026-08-26T21:27:50 update: added Music/Olakira - Maserati (Remix).mp3
2026-08-26T21:27:50 update: added Music/NOTD - I Wanna Know.mp3
2026-08-26T21:27:50 update: added Music/Mejja - Usiniharibie Mood.mp3
2026-08-26T21:27:50 update: added Music/Rich The Kid - New Freezer.mp3
2026-08-26T21:27:50 update: added Music/Justin Bieber - Friends.mp3
2026-08-26T21:27:50 update: added Music/Flume - Rushing Back.mp3
2026-08-26T21:27:50 update: added Music/Leo Islo - Coexist.mp3
2026-08-26T21:27:50 update: added Music/David Guetta - Lovers on the Sun (feat. Sam Martin).mp3
2026-08-26T21:27:50 update: added Music/Adam Jensen - The Hunter.mp3
2026-08-26T21:27:50 update: added Music/DJ Khaled - Do You Mind (feat. Nicki Minaj, Chris Brown, Aug.mp3
2026-08-26T21:27:50 update: added Music/Yvonne Chaka Chaka - I m Burning Up.mp3
2026-08-26T21:27:50 update: added Music/Kiprich - Eye Top.mp3
2026-08-26T21:27:50 update: added Music/Iggy Azalea - Black Widow.mp3
2026-08-26T21:27:50 update: added Music/Katy Perry - Wide Awake.mp3
2026-08-26T21:27:50 update: added Music/Tyla Yaweh - City Of Dreams (feat. Chris Brown).mp3
2026-08-26T21:27:50 update: added Music/Carly Rae Jepsen - Call Me Maybe.mp3
2026-08-26T21:27:50 update: added Music/Kosling - Over You.mp3
2026-08-26T21:27:50 update: added Music/Wizkid - Come Closer.mp3
2026-08-26T21:27:50 update: added Music/Travis Scott - SICKO MODE.mp3
2026-08-26T21:27:50 update: added Music/Mustard - Pure Water.mp3
2026-08-26T21:27:50 update: added Music/Ric Hassani - My Kind of Woman.mp3
2026-08-26T21:27:50 update: added Music/P-Square - Roll It (Deluxe).mp3
2026-08-26T21:27:50 update: added Music/DJ Khaled - No Brainer.mp3
2026-08-26T21:27:50 update: added Music/Stevie Hoang - Before We Go to Bed.mp3
2026-08-26T21:27:50 update: added Music/Taio Cruz - Break Your Heart.mp3
2026-08-26T21:27:51 update: added Music/Alan Walker - Faded.mp3
2026-08-26T21:27:51 update: added Music/YG - Who Do You Love.mp3
2026-08-26T21:27:51 update: added Music/Morgan Wallen - Wasted On You.mp3
2026-08-26T21:27:51 update: added Music/Fully Focus - Dimension (feat. Bien).mp3
2026-08-26T21:27:51 update: added Music/NCS - Jumbo [NCS Release].mp3
2026-08-26T21:27:51 update: added Music/Juice Wrld - Lucid Dreams.mp3
2026-08-26T21:27:51 update: added Music/Doja Cat - You Right.mp3
2026-08-26T21:27:51 update: added Music/Kranium - Can t Believe (feat. Ty Dolla $ign   WizKid).mp3
2026-08-26T21:27:51 update: added Music/Desiigner - Panda.mp3
2026-08-26T21:27:51 update: added Music/G-Eazy - Me, Myself   I.mp3
2026-08-26T21:27:51 update: added Music/Clean Bandit - Rockabye (feat. Sean Paul   Anne-Marie).mp3
2026-08-26T21:27:51 update: added Music/Darassa - Muziki.mp3
2026-08-26T21:27:51 update: added Music/Robbie Mendez - Run.mp3
2026-08-26T21:27:51 update: added Music/Ofenbach - Love Me Now (feat. FAST BOY).mp3
2026-08-26T21:27:51 update: added Music/Gloria Muliro - Look to Jesus.mp3
2026-08-26T21:27:51 update: added Music/Digital Farm Animals - Millionaire.mp3
2026-08-26T21:27:51 update: added Music/Bazzi - Star.mp3
2026-08-26T21:27:51 update: added Music/Sean Paul - We Be Burnin.mp3
2026-08-26T21:27:51 update: added Music/Keri Hilson - Lose Control _ Let Me Down.mp3
2026-08-26T21:27:51 update: added Music/Bruce Melodie - Sawa Sawa.mp3
2026-08-26T21:27:51 update: added Music/Nyashinski - TAI CHI.mp3
2026-08-26T21:27:51 update: added Music/T-Pain - Up down.mp3
2026-08-26T21:27:51 update: added Music/Massari - What About The Love.mp3
2026-08-26T21:27:51 update: added Music/Zabron Singers - Sweetie Sweetie.mp3
2026-08-26T21:27:51 update: added Music/DJ Neptune - Nobody.mp3
2026-08-26T21:27:51 update: added Music/Selena Gomez - Hands To Myself.mp3
2026-08-26T21:27:51 update: added Music/Joyner Lucas - Finally (feat. Chris Brown).mp3
2026-08-26T21:27:51 update: added Music/Post Malone - Circles.mp3
2026-08-26T21:27:51 update: added Music/Freddie Mcgregor - Gate Pass to Your Heart.mp3
2026-08-26T21:27:51 update: added Music/Mike Will Made-It - 23.mp3
2026-08-26T21:27:51 update: added Music/Dove Cameron - Boyfriend.mp3
2026-08-26T21:27:51 update: added Music/David Guetta - Titanium (feat. Sia).mp3
2026-08-26T21:27:51 update: added Music/DaVido - Aye.mp3
2026-08-26T21:27:51 update: added Music/The Script - I Want It All.mp3
2026-08-26T21:27:51 update: added Music/Skylar Grey - Last One Standing.mp3
2026-08-26T21:27:51 update: added Music/Yvonne Chaka Chaka - Let Him Go.mp3
2026-08-26T21:27:51 update: added Music/Maxine Mukolwe - Tamu Sana (feat. okello max).mp3
2026-08-26T21:27:51 update: added Music/Cody Johnson - Dirt Cheap.mp3
2026-08-26T21:27:51 update: added Music/Christina Perri - A Thousand Years.mp3
2026-08-26T21:27:51 update: added Music/Usher - No Limit.mp3
2026-08-26T21:27:51 update: added Music/Kendrick Lamar - Swimming Pools (Drank).mp3
2026-08-26T21:27:51 update: added Music/King Promise - 10 Toes (feat. Omah Lay).mp3
2026-08-26T21:27:51 update: added Music/ZEDD - Happy Now.mp3
2026-08-26T21:27:51 update: added Music/Lifehouse - You And Me.mp3
2026-08-26T21:27:52 update: added Music/Céline Dion - That's the Way It Is.mp3
2026-08-26T21:27:52 update: added Music/Juicy J - Let Me See.mp3
2026-08-26T21:27:52 update: added Music/Two Feet - Go Fuck Yourself.mp3
2026-08-26T21:27:52 update: added Music/Ms Banks - Typa Way.mp3
2026-08-26T21:27:52 update: added Music/Pentatonix - Kiss From A Rose.mp3
2026-08-26T21:27:52 update: added Music/Johnny Drille - How Are You (My Friend).mp3
2026-08-26T21:27:52 update: added Music/GraveChill - Twilight.mp3
2026-08-26T21:27:52 update: added Music/Kid Ink - Hotel.mp3
2026-08-26T21:27:52 update: added Music/Christopher Muneza - Hashtag.mp3
2026-08-26T21:27:52 update: added Music/Pentatonix - Feel It Still.mp3
2026-08-26T21:27:52 update: added Music/A$AP Rocky - Praise The Lord (Da Shine) [feat. Skepta].mp3
2026-08-26T21:27:52 update: added Music/Lainey Wilson - Things A Man Oughta Know.mp3
2026-08-26T21:27:52 update: added Music/Ace Hood - Bugatti.mp3
2026-08-26T21:27:52 update: added Music/DVBBS - Tsunami.mp3
2026-08-26T21:27:52 update: added Music/Diamond Platnumz - Number One (Remix).mp3
2026-08-26T21:27:52 update: added Music/Wakadinali - Eye contact (feat. Domani   Scar).mp3
2026-08-26T21:27:52 update: added Music/Fetty Wap - Birthday (feat. Monty).mp3
2026-08-26T21:27:52 update: added Music/Iggy Azalea - Kream.mp3
2026-08-26T21:27:52 update: added Music/T.I. - Live Your Life.mp3
2026-08-26T21:27:52 update: added Music/21 Savage - redrum.mp3
2026-08-26T21:27:52 update: added Music/Imagine Dragons - On Top Of The World.mp3
2026-08-26T21:27:52 update: added Music/Flume - Never Be Like You feat. Kai.mp3
2026-08-26T21:27:52 update: added Music/Quavo - HOTEL LOBBY (Unc and Phew).mp3
2026-08-26T21:27:52 update: added Music/Ce cile - Heart Break.mp3
2026-08-26T21:27:52 update: added Music/AlunaGeorge - I m In Control.mp3
2026-08-26T21:27:52 update: added Music/Akon - Beautiful (Album Version).mp3
2026-08-26T21:27:52 update: added Music/Anne-Marie - Kiss My (Uh Oh).mp3
2026-08-26T21:27:52 update: added Music/Defqwop - Heart Afire.mp3
2026-08-26T21:27:52 update: added Music/Darkoo - Focus On Me (All The Sexy Girls In The Club).mp3
2026-08-26T21:27:53 update: added Music/24kgoldn - Coco (feat. DaBaby).mp3
2026-08-26T21:27:53 update: added Music/King Kaka - Maliza Na Pombe.mp3
2026-08-26T21:27:53 update: added Music/Freddie Mcgregor - If You Wanna Go.mp3
2026-08-26T21:27:53 update: added Music/Nviiri The Storyteller - Birthday Song.mp3
2026-08-26T21:27:53 update: added Music/Kevin Gates - Ride Da Night (feat. Polo G   TeeJay3k).mp3
2026-08-26T21:27:53 update: added Music/Lil Wayne - John (Explicit Version).mp3
2026-08-26T21:27:53 update: added Music/Playlist make you feel like a gangster ｜ Gentleman Songs (Vol.3).mp3
2026-08-26T21:27:53 update: added Music/Jason Derulo - Marry Me.mp3
2026-08-26T21:27:53 update: added Music/Gyakie - Forever.mp3
2026-08-26T21:27:53 update: added Music/Chris Brown - Loyal.mp3
2026-08-26T21:27:53 update: added Music/Zikki featuring Jaguar - Take It Slow (Official Audio) Main.mp3
2026-08-26T21:27:53 update: added Music/Sharon Doorson - High On Your Love (Radio Mix).mp3
2026-08-26T21:27:53 update: added Music/RITA ORA - Big (feat. Gunna).mp3
2026-08-26T21:27:53 update: added Music/Lil Tjay - In My Head.mp3
2026-08-26T21:27:53 update: added Music/1da Banton - No Wahala (Remix).mp3
2026-08-26T21:27:53 update: added Music/Different Heaven - Nekozilla.mp3
2026-08-26T21:27:53 update: added Music/Iann Dior - emotions.mp3
2026-08-26T21:27:53 update: added Music/H_art the Band - Ukimwona.mp3
2026-08-26T21:27:53 update: added Music/Kat DeLuna - What A Night.mp3
2026-08-26T21:27:53 update: added Music/Pentatonix - The First Noel.mp3
2026-08-26T21:27:53 update: added Music/Wale - Bad (feat. Tiara Thomas).mp3
2026-08-26T21:27:53 update: added Music/Little Mix - Think About Us (feat. Ty Dolla $ign).mp3
2026-08-26T21:27:53 update: added Music/Imagine Dragons - Demons.mp3
2026-08-26T21:27:53 update: added Music/Matata - Ruracio.mp3
2026-08-26T21:27:53 update: added Music/Jason Derulo - Try Me (feat. Jennifer Lopez and Matoma).mp3
2026-08-26T21:27:53 update: added Music/Alkaline - Lone Madness.mp3
2026-08-26T21:27:53 update: added Music/Gyptian - All On Me.mp3
2026-08-26T21:27:53 update: added Music/Jason Derulo - Let s Shut Up   Dance.mp3
2026-08-26T21:27:53 update: added Music/Mariah Carey - Emotions.mp3
2026-08-26T21:27:53 update: added Music/Mau y Ricky - La Boca.mp3
2026-08-26T21:27:53 update: added Music/Duane Stephenson - To The Lord.mp3
2026-08-26T21:27:53 update: added Music/Nyashinski - Marathon Runner.mp3
2026-08-26T21:27:53 update: added Music/Pheelz - Finesse.mp3
2026-08-26T21:27:53 update: added Music/Maroon 5 - Girls Like You.mp3
2026-08-26T21:27:53 update: added Music/Taylor Swift - ...Ready For It.mp3
2026-08-26T21:27:53 update: added Music/Nasty C - Dont Do It.mp3
2026-08-26T21:27:54 update: added Music/Jonas Blue - Fast Car.mp3
2026-08-26T21:27:54 update: added Music/Sauti Sol - Midnight Train.mp3
2026-08-26T21:27:54 update: added Music/USHER - Love in This Club (feat. Young Jeezy).mp3
2026-08-26T21:27:54 update: added Music/Denyque - Don t You Know.mp3
2026-08-26T21:27:54 update: added Music/The Chainsmokers - This Feeling.mp3
2026-08-26T21:27:54 update: added Music/Burna Boy - Question (feat. Don Jazzy).mp3
2026-08-26T21:27:54 update: added Music/Alicia Keys - No One.mp3
2026-08-26T21:27:54 update: added Music/Pentatonix - Carol of the Bells.mp3
2026-08-26T21:27:54 update: added Music/R. City - Make Up (feat. Chloe Angelides).mp3
2026-08-26T21:27:54 update: added Music/Kygo - Happy Now.mp3
2026-08-26T21:27:54 update: added Music/Quavo_If_I_Fall_Music_from_the_Motion_Picture_Transformers_On.mp3
2026-08-26T21:27:54 update: added Music/Lady Gaga - Poker Face.mp3
2026-08-26T21:27:54 update: added Music/Khalid - Talk.mp3
2026-08-26T21:27:54 update: added Music/Boutross - Angela.mp3
2026-08-26T21:27:54 update: added Music/XXXTentacion - Arms Around You (feat. Maluma   Swae Lee).mp3
2026-08-26T21:27:54 update: added Music/Konshens - Hold On.mp3
2026-08-26T21:27:54 update: added Music/Shenseea - R U That.mp3
2026-08-26T21:27:54 update: added Music/Sofia_Reyes_1,_2,_3_feat_Jason.mp3
2026-08-26T21:27:54 update: added Music/Sabrina Carpenter - Pushing 20.mp3
2026-08-26T21:27:54 update: added Music/Mayorkun - Up To Something.mp3
2026-08-26T21:27:54 update: added Music/Clean Bandit - Tears (feat. Louisa Johnson).mp3
2026-08-26T21:27:54 update: added Music/Quality Control - She For Keeps.mp3
2026-08-26T21:27:54 update: added Music/Nasty C - God Flow.mp3
2026-08-26T21:27:54 update: added Music/Migos - Deadz (feat. 2 Chainz).mp3
2026-08-26T21:27:54 update: added Music/Fat Joe - All The Way Up.mp3
2026-08-26T21:27:54 update: added Music/Jordin Sparks - No Air (feat. Chris Brown).mp3
2026-08-26T21:27:54 update: added Music/112 - Anywhere.mp3
2026-08-26T21:27:54 update: added Music/BeatsbyAdz - My Flight.mp3
2026-08-26T21:27:54 update: added Music/Vybz Kartel - Summer Time.mp3
2026-08-26T21:27:54 update: added Music/Yvonne Chaka Chaka - Stimela.mp3
2026-08-26T21:27:54 update: added Music/Pop Smoke - Get Back.mp3
2026-08-26T21:27:54 update: added Music/Triniti Bhaguandas - I Am The Future.mp3
2026-08-26T21:27:54 update: added Music/Pentatonix - Havana.mp3
2026-08-26T21:27:54 update: added Music/Sean Paul - She Doesn t Mind.mp3
2026-08-26T21:27:54 update: added Music/Westlife - Hello My Love.mp3
2026-08-26T21:27:54 update: added Music/Lil Wayne - Mirror (Album Version).mp3
2026-08-26T21:27:54 update: added Music/Janet Jackson - Made For Now.mp3
2026-08-26T21:27:55 update: added Music/Wildvibes - Now Or Never.mp3
2026-08-26T21:27:55 update: added Music/Shenseea - Can You Feel It.mp3
2026-08-26T21:27:55 update: added Music/Rema - Calm Down.mp3
2026-08-26T21:27:55 update: added Music/Sizzy Rocket - Sucker Punch.mp3
2026-08-26T21:27:55 update: added Music/Ava Max - Who s Laughing Now.mp3
2026-08-26T21:27:55 update: added Music/Parade of Lights - Feeling Electric.mp3
2026-08-26T21:27:55 update: added Music/Charly Black - Ravin.mp3
2026-08-26T21:27:55 update: added Music/Popp Hunna - Adderall (Corvette Corvette) (Remix).mp3
2026-08-26T21:27:55 update: added Music/David Guetta - Light My Body Up (feat. Nicki Minaj   Lil Way.mp3
2026-08-26T21:27:55 update: added Music/Nate Smith - Whiskey On You.mp3
2026-08-26T21:27:55 update: added Music/DJ Khaled - Forgive Me Father (feat. Meghan Trainor, Wiz Kha.mp3
2026-08-26T21:27:55 update: added Music/Paula DeAnda - Walk Away (Remember Me).mp3
2026-08-26T21:27:55 update: added Music/Chris Brown - Look At Me Now.mp3
2026-08-26T21:27:55 update: added Music/Pentatonix - Evolution Of Rihanna.mp3
2026-08-26T21:27:55 update: added Music/Kygo - Higher Love.mp3
2026-08-26T21:27:55 update: added Music/5 Seconds Of Summer - She Looks So Perfect (Mikey Demo Vocal.mp3
2026-08-26T21:27:55 update: added Music/Dax - Searching For a Reason.mp3
2026-08-26T21:27:55 update: added Music/Pentatonix - Santa Tell Me.mp3
2026-08-26T21:27:55 update: added Music/Coldplay - Hymn for the Weekend.mp3
2026-08-26T21:27:55 update: added Music/Fuse ODG - Dangerous Love.mp3
2026-08-26T21:27:55 update: added Music/Iyanya - One Side.mp3
2026-08-26T21:27:55 update: added Music/Jah Cure - Zion Train.mp3
2026-08-26T21:27:55 update: added Music/Duane Stephenson - August Town.mp3
2026-08-26T21:27:55 update: added Music/The Kid Laroi - WITHOUT YOU.mp3
2026-08-26T21:27:55 update: added Music/50 Cent - Just A Lil Bit.mp3
2026-08-26T21:27:55 update: added Music/Lil Baby - Drip Too Hard.mp3
2026-08-26T21:27:55 update: added Music/Lil Dicky - Lemme Freak.mp3
2026-08-26T21:27:55 update: added Music/King Promise - Terminator.mp3
2026-08-26T21:27:55 update: added Music/Majes - Faded Love.mp3
2026-08-26T21:27:55 update: added Music/Otile Brown - In Love (feat. Alikiba).mp3
2026-08-26T21:27:55 update: added Music/Jason Derulo - Too Hot.mp3
2026-08-26T21:27:55 update: added Music/Migos - T-Shirt.mp3
2026-08-26T21:27:55 update: added Music/Jeremy Loops - Better Together.mp3
2026-08-26T21:27:55 update: added Music/Rihanna - Don t Stop The Music.mp3
2026-08-26T21:27:55 update: added Music/Mustard - Ballin.mp3
2026-08-26T21:27:55 update: added Music/Timbaland - Apologize.mp3
2026-08-26T21:27:56 update: added Music/NEIKED - Better Days.mp3
2026-08-26T21:27:56 update: added Music/Childish Gambino - This Is America.mp3
2026-08-26T21:27:56 update: added Music/Mohombi - Bumpy Ride.mp3
2026-08-26T21:27:56 update: added Music/Kid Ink - Red Light.mp3
2026-08-26T21:27:56 update: added Music/Tinashe - No Drama.mp3
2026-08-26T21:27:56 update: added Music/Vistoso Bosses - Delirious.mp3
2026-08-26T21:27:56 update: added Music/Bien - Ma Cherie.mp3
2026-08-26T21:27:56 update: added Music/Backstreet Boys - Show Me the Meaning of Being Lonely.mp3
2026-08-26T21:27:56 update: added Music/Sia - Unstoppable.mp3
2026-08-26T21:27:56 update: added Music/Magic System - Magic in the Air (feat. Ahmed Chawki).mp3
2026-08-26T21:27:56 update: added Music/DJ Mac - WYFL Riddim.mp3
2026-08-26T21:27:56 update: added Music/Sean Paul - No Lie.mp3
2026-08-26T21:27:57 update: added Music/24kgoldn - Mood (feat. iann dior).mp3
2026-08-26T21:27:57 update: added Music/Justin Timberlake - SexyBack.mp3
2026-08-26T21:27:57 update: added Music/Why Mona - Wannabe.mp3
2026-08-26T21:27:57 update: added Music/Nyashinski - Properly (feat. Femi One).mp3
2026-08-26T21:27:57 update: added Music/Coldplay - A Sky Full of Stars.mp3
2026-08-26T21:27:57 update: added Music/Khalid - Love Lies.mp3
2026-08-26T21:27:57 update: added Music/6IX9INE - FEFE (feat. Nicki Minaj, Murda Beatz).mp3
2026-08-26T21:27:57 update: added Music/Future - You Da Baddest (feat. Nicki Minaj).mp3
2026-08-26T21:27:57 update: added Music/YULTRON - The Bottom (feat. Kellin Quinn).mp3
2026-08-26T21:27:57 update: added Music/Mejja  Siskii Kamote.mp3
2026-08-26T21:27:57 update: added Music/Chris Brown - Turn Up the Music.mp3
2026-08-26T21:27:57 update: added Music/N-Dubz - Charmer.mp3
2026-08-26T21:27:57 update: added Music/Taio Cruz - Dynamite.mp3
2026-08-26T21:27:57 update: added Music/Alkaline - Gyalis Pro.mp3
2026-08-26T21:27:57 update: added Music/Martin Garrix - Ocean.mp3
2026-08-26T21:27:57 update: added Music/Dimitri Vegas   Like Mike - Instagram.mp3
2026-08-26T21:27:57 update: added Music/Shawn Mendes - Treat You Better.mp3
2026-08-26T21:27:57 update: added Music/Alaine - All Or Nothing.mp3
2026-08-26T21:27:57 update: added Music/Major Lazer - Make It Hot.mp3
2026-08-26T21:27:57 update: added Music/Ellie Goulding - Hate Me.mp3
2026-08-26T21:27:57 update: added Music/Migos - Danger.mp3
2026-08-26T21:27:57 update: added Music/Morgan Heritage - Nothing To Smile About.mp3
2026-08-26T21:27:57 update: added Music/Cardi B - Money.mp3
2026-08-26T21:27:57 update: added Music/French Montana - Keep It Real.mp3
2026-08-26T21:27:57 update: added Music/Diddy - Dirty Money - Coming Home.mp3
2026-08-26T21:27:57 update: added Music/Selena Gomez - Rare.mp3
2026-08-26T21:27:57 update: added Music/Nadia Mukami - Overdose.mp3
2026-08-26T21:27:57 update: added Music/Rihanna - Where Have You Been (Album Version).mp3
2026-08-26T21:27:57 update: added Music/Chris Brown - Don t Wake Me Up.mp3
2026-08-26T21:27:57 update: added Music/The Chainsmokers - Roses.mp3
2026-08-26T21:27:57 update: added Music/Konshens - Just Dance Yah Gyal.mp3
2026-08-26T21:27:57 update: added Music/Camilo - Aeropuerto.mp3
2026-08-26T21:27:57 update: added Music/Clean Bandit - Symphony (feat. Zara Larsson).mp3
2026-08-26T21:27:57 update: added Music/Sauti Sol - Short N Sweet.mp3
2026-08-26T21:27:57 update: added Music/Tate McRae - she s all i wanna be.mp3
2026-08-26T21:27:57 update: added Music/Freeman HKD - Pombi.mp3
2026-08-26T21:27:57 update: added Music/Axel Johansson - The River.mp3
2026-08-26T21:27:57 update: added Music/David Guetta - Who s That Chick   (feat. Rihanna) (Single Ve.mp3
2026-08-26T21:27:57 update: added Music/French Montana - Handstand (feat. Saweetie).mp3
2026-08-26T21:27:57 update: added Music/Gerilson Insrael - Dede.mp3
2026-08-26T21:27:57 update: added Music/Dynoro - In My Mind.mp3
2026-08-26T21:27:57 update: added Music/Nicki Minaj - Pills N Potions.mp3
2026-08-26T21:27:58 update: added Music/Flavour - Ashawo (Remix).mp3
2026-08-26T21:27:58 update: added Music/Alesso - I Like It.mp3
2026-08-26T21:27:58 update: added Music/Spyro - Who Is Your Guy  (Remix).mp3
2026-08-26T21:27:58 update: added Music/Charlie Puth - Light Switch.mp3
2026-08-26T21:27:58 update: added Music/Konshens - Thank God Fi Di Gal Dem.mp3
2026-08-26T21:27:58 update: added Music/Mutoriah - Beta.mp3
2026-08-26T21:27:58 update: added Music/Hillsong UNITED - Oceans (Where Feet May Fail).mp3
2026-08-26T21:27:58 update: added Music/Chris Brown - Forbidden.mp3
2026-08-26T21:27:58 update: added Music/Christopher Martin - Come Back.mp3
2026-08-26T21:27:58 update: added Music/Pentatonix - Where Are Ü Now.mp3
2026-08-26T21:27:58 update: added Music/Chike - Running (To You).mp3
2026-08-26T21:27:58 update: added Music/The Script - Superheroes.mp3
2026-08-26T21:27:58 update: added Music/P-Square - Beatiful Onyinye.mp3
2026-08-26T21:27:58 update: added Music/Beyoncé - Sweet Dreams.mp3
2026-08-26T21:27:58 update: added Music/Mr Eazi - Supernova.mp3
2026-08-26T21:27:58 update: added Music/Kygo - Freedom.mp3
2026-08-26T21:27:58 update: added Music/Toxic Lyrikali - Confirmation (feat. Mr Ree).mp3
2026-08-26T21:27:58 update: added Music/Marshmello - Happier.mp3
2026-08-26T21:27:58 update: added Music/Chike - Egwu.mp3
2026-08-26T21:27:58 update: added Music/Fifth Harmony - All In My Head (Flex).mp3
2026-08-26T21:27:58 update: added Music/Beyoncé - Beautiful Liar.mp3
2026-08-26T21:27:58 update: added Music/Ty_Dolla_$ign_Love_U_Better_feat_Lil_Wayne_The_Dream.mp3
2026-08-26T21:27:58 update: added Music/Pitbull - International Love (feat. Chris Brown).mp3
2026-08-26T21:27:58 update: added Music/Camidoh - Sugarcane (Remix).mp3
2026-08-26T21:27:58 update: added Music/DJ Tárico - Yaba Buluku (Remix).mp3
2026-08-26T21:27:58 update: added Music/Jack Ü - Where Are Ü Now (with Justin Bieber).mp3
2026-08-26T21:27:58 update: added Music/Ingrid Andress - Wishful Drinking.mp3
2026-08-26T21:27:58 update: added Music/Pia Mia - I m A Fan.mp3
2026-08-26T21:27:58 update: added Music/Shanti Dope - Amatz.mp3
2026-08-26T21:27:58 update: added Music/Hendrix Harris - The Hill.mp3
2026-08-26T21:27:58 update: added Music/Nviiri The Storyteller - Niko Sawa.mp3
2026-08-26T21:27:58 update: added Music/Avicii - Wake Me Up.mp3
2026-08-26T21:27:58 update: added Music/Chris Brown - Say Goodbye.mp3
2026-08-26T21:27:58 update: added Music/Candi Pearson Shelton - He Leadeth Me.mp3
2026-08-26T21:27:58 update: added Music/Nailah Blackman - Calypso Baby.mp3
2026-08-26T21:27:58 update: added Music/Metro Boomin - Annihilate (Spider-Man  Across the Spider-Ver.mp3
2026-08-26T21:27:58 update: added Music/Serani - No Games.mp3
2026-08-26T21:27:58 update: added Music/Kiss Daniel - Cough (Odo).mp3
2026-08-26T21:27:58 update: added Music/Bethel Music - Goodness of God (Live).mp3
2026-08-26T21:27:58 update: added Music/Masicka - Moments.mp3
2026-08-26T21:27:59 update: added Music/The Weeknd - I Feel It Coming.mp3
2026-08-26T21:27:59 update: added Music/Estelle - Come Over (Radio Version).mp3
2026-08-26T21:27:59 update: added Music/City Girls - Twerk.mp3
2026-08-26T21:27:59 update: added Music/Nelly - Just A Dream.mp3
2026-08-26T21:27:59 update: added Music/Popcaan - The System.mp3
2026-08-26T21:27:59 update: added Music/Ang3lina - Oh Na Na.mp3
2026-08-26T21:27:59 update: added Music/DaBaby - ROCKSTAR.mp3
2026-08-26T21:27:59 update: added Music/Doja Cat - Vegas (From the Original Motion Picture Soundtrac.mp3
2026-08-26T21:27:59 update: added Music/Kid Ink - Night   Day.mp3
2026-08-26T21:27:59 update: added Music/Mastiksoul - Good for You.mp3
2026-08-26T21:27:59 update: added Music/Mahalia - Simmer (feat. Burna Boy).mp3
2026-08-26T21:27:59 update: added Music/Samantha J. - Baby Love.mp3
2026-08-26T21:27:59 update: added Music/G-Eazy - No Limit REMIX.mp3
2026-08-26T21:27:59 update: added Music/Sandro Silva - One More Night.mp3
2026-08-26T21:27:59 update: added Music/Shania Twain - You re Still The One.mp3
2026-08-26T21:27:59 update: added Music/Kat DeLuna - Bum Bum.mp3
2026-08-26T21:27:59 update: added Music/Major Lazer - Run Up (feat. PARTYNEXTDOOR   Nicki Minaj).mp3
2026-08-26T21:27:59 update: added Music/Rihanna - Pour It Up (Album Version).mp3
2026-08-26T21:27:59 update: added Music/Odesza - Behind The Sun.mp3
2026-08-26T21:27:59 update: added Music/Sean Paul - (When You Gonna) Give It Up to Me (feat. Keyshia.mp3
2026-08-26T21:27:59 update: added Music/Ang3lina - Drum Drum.mp3
2026-08-26T21:27:59 update: added Music/Isaac Blackman - To The Ceiling.mp3
2026-08-26T21:27:59 update: added Music/Wiz Khalifa - We Dem Boyz.mp3
2026-08-26T21:27:59 update: added Music/Black Eyed Peas - DON T YOU WORRY.mp3
2026-08-26T21:27:59 update: added Music/Kid Ink - Body Language.mp3
2026-08-26T21:27:59 update: added Music/Ed Sheeran - Take Me Back to London (feat. Stormzy).mp3
2026-08-26T21:27:59 update: added Music/Nadia Mukami - Mali Safi.mp3
2026-08-26T21:27:59 update: added Music/Haley Smalls - Dopamine.mp3
2026-08-26T21:27:59 update: added Music/SHAKKA - Man Down (feat. AlunaGeorge).mp3
2026-08-26T21:27:59 update: added Music/Chris Brown - Wobble Up.mp3
2026-08-26T21:27:59 update: added Music/Maroon 5 - Cold.mp3
2026-08-26T21:27:59 update: added Music/The_Weeknd_Earned_It_Fifty_Shades.mp3
2026-08-26T21:27:59 update: added Music/LightSkinKeisha - Ride Good.mp3
2026-08-26T21:27:59 update: added Music/Richie Spice - Earth a Run Red.mp3
2026-08-26T21:27:59 update: added Music/Vijana Barubaru - Romantic Call.mp3
2026-08-26T21:27:59 update: added Music/Ed Sheeran - 2step (feat. Lil Baby).mp3
2026-08-26T21:27:59 update: added Music/Fuse ODG - New African Girl.mp3
2026-08-26T21:27:59 update: added Music/RITA ORA - Only Want You.mp3
2026-08-26T21:28:00 update: added Music/Sasha Sloan - Older.mp3
2026-08-26T21:28:00 update: added Music/Kamo Mphela - Ghost.mp3
2026-08-26T21:28:00 update: added Music/Ann Marie - Karma.mp3
2026-08-26T21:28:00 update: added Music/Jay Sean - Do You Remember.mp3
2026-08-26T21:28:00 update: added Music/SLXUGHTER - fragment (slowed).mp3
2026-08-26T21:28:00 update: added Music/Clean Bandit - Solo (feat. Demi Lovato).mp3
2026-08-26T21:28:00 update: added Music/Rihanna - Man Down (Album Version).mp3
2026-08-26T21:28:00 update: added Music/Ne-Yo - What If.mp3
2026-08-26T21:28:00 update: added Music/Prince Indah - Nyar Joluo.mp3
2026-08-26T21:28:00 update: added Music/Katy Perry - Firework.mp3
2026-08-26T21:28:00 update: added Music/Luis Fonsi - Calypso.mp3
2026-08-26T21:28:00 update: added Music/Axwell _ Ingrosso - More Than You Know.mp3
2026-08-26T21:28:00 update: added Music/Shawn Mendes - Mercy.mp3
2026-08-26T21:28:00 update: added Music/Taylor Swift - Wildest Dreams.mp3
2026-08-26T21:28:00 update: added Music/Beyoncé - 6 Inch.mp3
2026-08-26T21:28:00 update: added Music/Blackway - Get It Done.mp3
2026-08-26T21:28:00 update: added Music/Vivian Kenya - Charm (feat. Chameleone).mp3
2026-08-26T21:28:00 update: added Music/Selena Gomez - Back To You.mp3
2026-08-26T21:28:00 update: added Music/Daddy Yankee - Sígueme Y Te Sigo.mp3
2026-08-26T21:28:00 update: added Music/Pentatonix - Royals.mp3
2026-08-26T21:28:00 update: added Music/Sean Paul - How We Do It.mp3
2026-08-26T21:28:00 update: added Music/Greeicy - Más Fuerte.mp3
2026-08-26T21:28:00 update: added Music/Elevation Worship - Million Little Miracles (feat. Joe L Bar.mp3
2026-08-26T21:28:00 update: added Music/Dax - God s Eyes.mp3
2026-08-26T21:28:00 update: added Music/ZEDD - Clarity.mp3
2026-08-26T21:28:00 update: added Music/Matata - TIKI TAKO.mp3
2026-08-26T21:28:00 update: added Music/P!nk - Irrelevant.mp3
2026-08-26T21:28:00 update: added Music/Azuline - Heart Oak.mp3
2026-08-26T21:28:00 update: added Music/Beenie Man - I Love the Girls.mp3
2026-08-26T21:28:00 update: added Music/Konshens - Turn Me On.mp3
2026-08-26T21:28:00 update: added Music/Fuse ODG - Antenna (UK Radio Edit).mp3
2026-08-26T21:28:00 update: added Music/Royal_the_Serpent_Wasteland_from_the_series_Arcane_League_o.mp3
2026-08-26T21:28:00 update: added Music/Mario - Care for You.mp3
2026-08-26T21:28:00 update: added Music/BONES_UK_Dirty_Little_Animals_from_the_series_Arcane_League_o.mp3
2026-08-26T21:28:00 update: added Music/Gucci Mane - I Get the Bag (feat. Migos).mp3
2026-08-26T21:28:00 update: added Music/Pentatonix - Cheerleader.mp3
2026-08-26T21:28:01 update: added Music/Gym Class Heroes - Stereo Hearts (feat. Adam Levine).mp3
2026-08-26T21:28:01 update: added Music/Mejja - Siku hizi ni KuBad (Official Audio).mp3
2026-08-26T21:28:01 update: added Music/Shawn Mendes - Señorita.mp3
2026-08-26T21:28:01 update: added Music/Joeboy - Baby.mp3
2026-08-26T21:28:01 update: added Music/Usher - Yeah! (feat. Lil Jon   Ludacris).mp3
2026-08-26T21:28:01 update: added Music/Migos - Bad and Boujee (feat. Lil Uzi Vert).mp3
2026-08-26T21:28:01 update: added Music/Frank Walker - I Go Dancing (feat. Ella Henderson).mp3
2026-08-26T21:28:01 update: added Music/Calvo Mistari - Loose Control.mp3
2026-08-26T21:28:01 update: added Music/Rotimi - Make You Say.mp3
2026-08-26T21:28:01 update: added Music/Vanessa Mdee - Juu (feat. Jux).mp3
2026-08-26T21:28:01 update: added Music/Moji Shortbabaa - Vimbada.mp3
2026-08-26T21:28:01 update: added Music/Beyoncé - Single Ladies (Put a Ring on It) (Album Version).mp3
2026-08-26T21:28:01 update: added Music/Picture This - Addict Of Magic.mp3
2026-08-26T21:28:01 update: added Music/Kygo - Whatever.mp3
2026-08-26T21:28:01 update: added Music/Nyashinski - Don t Play With My Money (DPWMM).mp3
2026-08-26T21:28:01 update: added Music/Pitbull - Give Me Everything (feat. Ne-Yo, Afrojack   Nayer).mp3
2026-08-26T21:28:01 update: added Music/Jay-Z - Empire State Of Mind.mp3
2026-08-26T21:28:01 update: added Music/Bahati - Mi Amor.mp3
2026-08-26T21:28:01 update: added Music/Kendrick Lamar - We Cry Together.mp3
2026-08-26T21:28:01 update: added Music/Ellie Goulding - Burn.mp3
2026-08-26T21:28:01 update: added Music/Shenseea - You re The One I Love.mp3
2026-08-26T21:28:01 update: added Music/P-Square - Beautiful Onyinya.mp3
2026-08-26T21:28:01 update: added Music/Jack   Jack - No One Compares To You.mp3
2026-08-26T21:28:01 update: added Music/Katy Perry - Dark Horse.mp3
2026-08-26T21:28:01 update: added Music/Igor Mabano - Energy.mp3
2026-08-26T21:28:01 update: added Music/Wiz Khalifa - See You Again (feat. Charlie Puth).mp3
2026-08-26T21:28:01 update: added Music/Tay Money - Ice.mp3
2026-08-26T21:28:01 update: added Music/Alan Walker - Alone, Pt. II.mp3
2026-08-26T21:28:01 update: added Music/Ava Max - Kings   Queens.mp3
2026-08-26T21:28:01 update: added Music/Afrojack - Anywhere With You.mp3
2026-08-26T21:28:01 update: added Music/Saucy Santana - Walk.mp3
2026-08-26T21:28:01 update: added Music/Vibekulture Sa - Monaco.mp3
2026-08-26T21:28:01 update: added Music/MFR Souls - Amanikiniki (feat. Major League Djz, Kamo Mphela.mp3
2026-08-26T21:28:01 update: added Music/Otile Brown - Chaguo La Moyo.mp3
2026-08-26T21:28:01 update: added Music/Christopher Martin - My Love.mp3
2026-08-26T21:28:01 update: added Music/Mavado - Forever.mp3
2026-08-26T21:28:02 update: added Music/Cole Swindell - Never Say Never.mp3
2026-08-26T21:28:02 update: added Music/Sipho  Hotstix  Mabuse - Jive Soweto.mp3
2026-08-26T21:28:02 update: added Music/Korede Bello - Do Like That.mp3
2026-08-26T21:28:02 update: added Music/Meek Mill - That s My N.mp3
2026-08-26T21:28:02 update: added Music/DEAF KEV - Invincible.mp3
2026-08-26T21:28:02 update: added Music/Rubikdice - MONTAGEM PEGADORA (Slowed).mp3
2026-08-26T21:28:02 update: added Music/H_art the Band - My Jaber (Friday).mp3
2026-08-26T21:28:02 update: added Music/Nicki Minaj - Super Freaky Girl.mp3
2026-08-26T21:28:02 update: added Music/Bishop Briggs - Be Your Love.mp3
2026-08-26T21:28:02 update: added Music/Brooke Hogan - For A Moment (Album Version).mp3
2026-08-26T21:28:02 update: added Music/Spyro - Who Is Your Guy.mp3
2026-08-26T21:28:02 update: added Music/DJ Frass - Sweet Bounce.mp3
2026-08-26T21:28:02 update: added Music/Pitbull - Options.mp3
2026-08-26T21:28:02 update: added Music/Young Thug - Hot (feat. Gunna).mp3
2026-08-26T21:28:02 update: added Music/David Guetta - Just One Last Time (feat. Taped Rai).mp3
2026-08-26T21:28:02 update: added Music/Okkama - No.mp3
2026-08-26T21:28:02 update: added Music/Nicki Minaj - Starships.mp3
2026-08-26T21:28:02 update: added Music/Patoranking - I m In Love.mp3
2026-08-26T21:28:02 update: added Music/Diddy - I Need a Girl (Pt. 1) [feat. Usher   Loon].mp3
2026-08-26T21:28:02 update: added Music/Camila Cabello - Real Friends.mp3
2026-08-26T21:28:03 update: added Music/Lionel Richie - Stuck On You.mp3
2026-08-26T21:28:03 update: added Music/Dj Consequence - Pause.mp3
2026-08-26T21:28:03 update: added Music/MØ - Kindness.mp3
2026-08-26T21:28:03 update: added Music/Post Malone - I Fall Apart.mp3
2026-08-26T21:28:03 update: added Music/Aya Nakamura - Nirvana (Steeve West Remix).mp3
2026-08-26T21:28:03 update: added Music/Pryshon - Rebel.mp3
2026-08-26T21:28:03 update: added Music/Chris Brown - Till The Wheels Fall Off (feat. Lil Durk   Cap.mp3
2026-08-26T21:28:03 update: added Music/Doja Cat - Woman.mp3
2026-08-26T21:28:03 update: added Music/Diamond Platnumz - Mawazo.mp3
2026-08-26T21:28:03 update: added Music/BlasterJaxx - Out The Sky.mp3
2026-08-26T21:28:03 update: added Music/Juice Wrld - Already Dead.mp3
2026-08-26T21:28:03 update: added Music/Lil Dicky - Freaky Friday (feat. Chris Brown).mp3
2026-08-26T21:28:03 update: added Music/Rae Sremmurd - Black Beatles.mp3
2026-08-26T21:28:03 update: added Music/Migos - Beamer (ft. Wiz Khalifa   Rae Sremmurd).mp3
2026-08-26T21:28:03 update: added Music/Nicki Minaj - Anaconda.mp3
2026-08-26T21:28:03 update: added Music/Janelle Monáe - Make Me Feel.mp3
2026-08-26T21:28:03 update: added Music/Cat Burns - live more   love more.mp3
2026-08-26T21:28:03 update: added Music/Westlife - Fool Again.mp3
2026-08-26T21:28:03 update: added Music/Young Thug - Anybody (feat. Nicki Minaj).mp3
2026-08-26T21:28:03 update: added Music/Marshmello - Be Kind.mp3
2026-08-26T21:28:03 update: added Music/Little Mix - Sweet Melody.mp3
2026-08-26T21:28:03 update: added Music/R3HAB - Be Okay.mp3
2026-08-26T21:28:03 update: added Music/Kid_Ink_F_With_U_feat_Ty_Dolla_$ign_feat_Ty_Dolla_$ig.mp3
2026-08-26T21:28:03 update: added Music/AKA - All Eyes on Me (feat. Burna Boy, Da L.E.S.   JR).mp3
2026-08-26T21:28:03 update: added Music/Ocg - Nuh Fall in Love (Radio Edit).mp3
2026-08-26T21:28:03 update: added Music/Richie Spice - Brown Skin.mp3
2026-08-26T21:28:03 update: added Music/Denyque - Supergirl.mp3
2026-08-26T21:28:03 update: added Music/Kranium - Nobody Has to Know.mp3
2026-08-26T21:28:03 update: added Music/Sean Kingston - Beat It.mp3
2026-08-26T21:28:03 update: added Music/Tyla Yaweh - Stuntin  On You.mp3
2026-08-26T21:28:03 update: added Music/The Vamps - Somebody To You.mp3
2026-08-26T21:28:03 update: added Music/Ruger - Bounce.mp3
2026-08-26T21:28:03 update: added Music/Major Lazer - Blow That Smoke (feat.Tove Lo).mp3
2026-08-26T21:28:03 update: added Music/Busy Signal - Free Up.mp3
2026-08-26T21:28:03 update: added Music/Jimmy Eat World - Hear You Me.mp3
2026-08-26T21:28:03 update: added Music/Willy Paul - Mmmh.mp3
2026-08-26T21:28:03 update: added Music/EQRIC - Colors.mp3
2026-08-26T21:28:03 update: added Music/Rihanna - Work.mp3
2026-08-26T21:28:04 update: added Music/Diamond Platnumz - African Beauty.mp3
2026-08-26T21:28:04 update: added Music/Ahxello - Forever.mp3
2026-08-26T21:28:04 update: added Music/Doechii - What It Is (Block Boy).mp3
2026-08-26T21:28:04 update: added Music/DJ Neptune - Bienvenue.mp3
2026-08-26T21:28:04 update: added Music/The Script - Exit Wounds.mp3
2026-08-26T21:28:04 update: added Music/Ann Marie - In A Minute (feat. Q Money).mp3
2026-08-26T21:28:04 update: added Music/Vybz Kartel - Likkle Bit So.mp3
2026-08-26T21:28:04 update: added Music/Beyoncé - Baby Boy (feat. Sean Paul).mp3
2026-08-26T21:28:04 update: added Music/Justin Bieber - Baby.mp3
2026-08-26T21:28:04 update: added Music/Mark Ronson - Uptown Funk.mp3
2026-08-26T21:28:04 update: added Music/Kiiara - Gold.mp3
2026-08-26T21:28:04 update: added Music/Ariana Grande - Focus.mp3
2026-08-26T21:28:04 update: added Music/Fifth Harmony - Worth It.mp3
2026-08-26T21:28:04 update: added Music/Yo-Yo Ma - I. Prélude.mp3
2026-08-26T21:28:04 update: added Music/Amadeus - Future World.mp3
2026-08-26T21:28:04 update: added Music/SHAED - Trampoline.mp3
2026-08-26T21:28:04 update: added Music/Harry Cane - Vula Sekele.mp3
2026-08-26T21:28:04 update: added Music/Keke Palmer - Bottoms Up 2.0.mp3
2026-08-26T21:28:04 update: added Music/Jessie Murph - I Would ve.mp3
2026-08-26T21:28:04 update: added Music/Hailee Steinfeld - Capital Letters.mp3
2026-08-26T21:28:04 update: added Music/Chris Brown - Bitches N Marijuana.mp3
2026-08-26T21:28:04 update: added Music/Jax Jones - This Is Real.mp3
2026-08-26T21:28:04 update: added Music/SZA - Low.mp3
2026-08-26T21:28:04 update: added Music/Kevin  K.O.  Olusola - Adele Medley (Someone Like You _ Hell.mp3
2026-08-26T21:28:04 update: added Music/D.O.D - Like You Do.mp3
2026-08-26T21:28:04 update: added Music/Charlotte Lawrence - Slow Motion.mp3
2026-08-26T21:28:04 update: added Music/Anth - I m Good Alone.mp3
2026-08-26T21:28:04 update: added Music/Lorde - Royals.mp3
2026-08-26T21:28:04 update: added Music/Kygo - It Ain t Me.mp3
2026-08-26T21:28:04 update: added Music/Jason Derulo - Colors (Coca-Cola  Anthem, 2018 FIFA World Cu.mp3
2026-08-26T21:28:04 update: added Music/Tems - Love Me JeJe.mp3
2026-08-26T21:28:04 update: added Music/Kelvin Kellz - All My Life (Lone Boy Refix) (feat. Devvon Te.mp3
2026-08-26T21:28:04 update: added Music/Iyaz - So Big.mp3
2026-08-26T21:28:04 update: added Music/15 B.o.B - We Still in This Bitch (feat. T.I. And Juicy J).mp3
2026-08-26T21:28:04 update: added Music/Cartoon - On   On.mp3
2026-08-26T21:28:04 update: added Music/Doktor - Down for Me.mp3
2026-08-26T21:28:04 update: added Music/Chamillionaire - Turn It Up (Album Version Explicit).mp3
2026-08-26T21:28:04 update: added Music/Bien - Safari.mp3
2026-08-26T21:28:04 update: added Music/Bruno Mars - That s What I Like.mp3
2026-08-26T21:28:05 update: added Music/Riderman - Bulletin.mp3
2026-08-26T21:28:05 update: added Music/Nicole Scherzinger - Your Love.mp3
2026-08-26T21:28:05 update: added Music/The Chainsmokers - High.mp3
2026-08-26T21:28:05 update: added Music/Pentatonix - That s Christmas to Me.mp3
2026-08-26T21:28:05 update: added Music/Khaligraph Jones - Wavy (feat. Sarkodie).mp3
2026-08-26T21:28:05 update: added Music/DaniLeigh - No Limits.mp3
2026-08-26T21:28:05 update: added Music/Keri Hilson - Knock You Down.mp3
2026-08-26T21:28:05 update: added Music/Cover Drive - Twilight.mp3
2026-08-26T21:28:05 update: added Music/Charisma - SINA NOMA.mp3
2026-08-26T21:28:05 update: added Music/BTS - Dynamite.mp3
2026-08-26T21:28:05 update: added Music/United Idol - Ke Cap Gap Ba Gia.mp3
2026-08-26T21:28:05 update: added Music/Nk Njoroge - Wema.mp3
2026-08-26T21:28:05 update: added Music/Burning Spear - Mek We Dweet.mp3
2026-08-26T21:28:05 update: added Music/Post Malone - Love_Hate Letter To Alcohol.mp3
2026-08-26T21:28:05 update: added Music/Gabry Ponte - Thunder.mp3
2026-08-26T21:28:05 update: added Music/Midnight Red - Hell Yeah.mp3
2026-08-26T21:28:05 update: added Music/Calvin Harris - Open Wide (feat. Big Sean).mp3
2026-08-26T21:28:05 update: added Music/Chronixx - Roots   Chalice.mp3
2026-08-26T21:28:05 update: added Music/Alkaline - Formula.mp3
2026-08-26T21:28:05 update: added Music/Ruger - Snapchat.mp3
2026-08-26T21:28:05 update: added Music/Mayonde - Turn Up (feat. Elvis Who   Dj Space).mp3
2026-08-26T21:28:05 update: added Music/21 Savage - a lot.mp3
2026-08-26T21:28:05 update: added Music/Illenium - All That Really Matters.mp3
2026-08-26T21:28:05 update: added Music/Nyashinski - Good Massage.mp3
2026-08-26T21:28:05 update: added Music/Kid Ink - Be Real.mp3
2026-08-26T21:28:05 update: added Music/Armin van Buuren - This Is What It Feels Like.mp3
2026-08-26T21:28:05 update: added Music/Ann Marie - Main Thing.mp3
2026-08-26T21:28:05 update: added Music/Akon - Don t Matter.mp3
2026-08-26T21:28:05 update: added Music/Konshens - Jah Love Mi.mp3
2026-08-26T21:28:05 update: added Music/Nameless - Butterfly.mp3
2026-08-26T21:28:05 update: added Music/Kid Ink - Show Me (feat. Chris Brown).mp3
2026-08-26T21:28:05 update: added Music/Hezron - Where We Can Feel Alive.mp3
2026-08-26T21:28:05 update: added Music/James Arthur - Rewrite The Stars.mp3
2026-08-26T21:28:05 update: added Music/Pentatonix - Attention.mp3
2026-08-26T21:28:05 update: added Music/Nico Santos - Rooftop.mp3
2026-08-26T21:28:05 update: added Music/Gyakie - Forever (Remix).mp3
2026-08-26T21:28:05 update: added Music/Bishop Briggs - Never Tear Us Apart.mp3
2026-08-26T21:28:05 update: added Music/MIRA - Love Again.mp3
2026-08-26T21:28:05 update: added Music/Adekunle Gold - Do You Mind.mp3
2026-08-26T21:28:05 update: added Music/Prince Indah - Te Amo.mp3
2026-08-26T21:28:05 update: added Music/John Legend - Tonight (Best You Ever Had) (feat. Ludacris).mp3
2026-08-26T21:28:06 update: added Music/Future - Low Life.mp3
2026-08-26T21:28:06 update: added Music/Bad Bunny - Ojitos Lindos.mp3
2026-08-26T21:28:06 update: added Music/Small God - Gats to Let Them Know.mp3
2026-08-26T21:28:06 update: added Music/Yanique Curvy Diva - Lifestyle.mp3
2026-08-26T21:28:06 update: added Music/Chronixx - Most I.mp3
2026-08-26T21:28:06 update: added Music/Hillsong Young   Free - As I Am (Live).mp3
2026-08-26T21:28:06 update: added Music/Victony - Soweto (with Don Toliver, Rema   Tempoe).mp3
2026-08-26T21:28:06 update: added Music/Bruno Mars - The Lazy Song.mp3
2026-08-26T21:28:06 update: added Music/Juicy J - Why Do I Stay High (feat. Elle Varner).mp3
2026-08-26T21:28:06 update: added Music/Taylor Swift - Blank Space.mp3
2026-08-26T21:28:06 update: added Music/Tatiana Manaois - Helplessly.mp3
2026-08-26T21:28:06 update: added Music/Rita Ora - How We Do (Party).mp3
2026-08-26T21:28:06 update: added Music/Fetty Wap - 679 (feat. Remy Boyz).mp3
2026-08-26T21:28:06 update: added Music/Ariana Grande - positions.mp3
2026-08-26T21:28:06 update: added Music/Nicki Minaj - Likkle Miss (Remix).mp3
2026-08-26T21:28:06 update: added Music/Anne-Marie - Our Song.mp3
2026-08-26T21:28:06 update: added Music/Pentatonix - Dance of the Sugar Plum Fairy.mp3
2026-08-26T21:28:06 update: added Music/The Weeknd - Can t Feel My Face.mp3
2026-08-26T21:28:06 update: added Music/Home Free - Sea Shanty Medley.mp3
2026-08-26T21:28:06 update: added Music/Jonas Blue - Don t Wake Me Up.mp3
2026-08-26T21:28:06 update: added Music/Drake - The Motto.mp3
2026-08-26T21:28:06 update: added Music/P!nk - What About Us.mp3
2026-08-26T21:28:06 update: added Music/Pentatonix - Little Drummer Boy.mp3
2026-08-26T21:28:06 update: added Music/Nelly Florida Georgia Line  Lil Bit Official Audio.mp3
2026-08-26T21:28:06 update: added Music/MHD - Bébé.mp3
2026-08-26T21:28:06 update: added Music/DJ Snake - A Different Way.mp3
2026-08-26T21:28:06 update: added Music/Ssaru - Kichwa Tu.mp3
2026-08-26T21:28:06 update: added Music/Unknown Brain - Superhero.mp3
2026-08-26T21:28:06 update: added Music/Charli XCX - Boom Clap (From the Motion Picture Das Schicksa.mp3
2026-08-26T21:28:06 update: added Music/Christopher Martin - Indecisive.mp3
2026-08-26T21:28:06 update: added Music/Okello Max - Nakufa.mp3
2026-08-26T21:28:06 update: added Music/Jonas Brothers - Only Human.mp3
2026-08-26T21:28:06 update: added Music/Rihanna - Cheers (Drink To That) (Album Version).mp3
2026-08-26T21:28:06 update: added Music/Post Malone - I Cannot Be (A Sadder Song).mp3
2026-08-26T21:28:06 update: added Music/Mr Eazi - Pour Me Water.mp3
2026-08-26T21:28:06 update: added Music/Major Lazer - Lean On (feat. MØ   DJ Snake).mp3
2026-08-26T21:28:06 update: added Music/Tory Lanez - Freaky.mp3
2026-08-26T21:28:06 update: added Music/Ahxello - Horizon.mp3
2026-08-26T21:28:06 update: added Music/Fuse ODG X Joey B X Wretch 32 - Tingo.mp3
2026-08-26T21:28:06 update: added Music/Shariya Wise - Sis! You A Bad Bitch! 2.0.mp3
2026-08-26T21:28:06 update: added Music/Hiroyuki Sawano  “Attack on Titan” Vogel im käfig live YOUSEEBIGGIRL⧸T：T [_Drfcw8f3Bs].mp3
2026-08-26T21:28:06 update: added Music/Rayvanny - Teamo.mp3
2026-08-26T21:28:07 update: added Music/Tobu - Cloud 9.mp3
2026-08-26T21:28:07 update: added Music/Pentatonix - Up On The Housetop.mp3
2026-08-26T21:28:07 update: added Music/Dinah_Jane_Bottled_Up_feat_Ty_Dolla_$ign_Marc_E_Bassy.mp3
2026-08-26T21:28:07 update: added Music/Ampyx - Rise.mp3
2026-08-26T21:28:07 update: added Music/Alesso - Words.mp3
2026-08-26T21:28:07 update: added Music/Valdemar - When It Rains Again (feat. Anabel).mp3
2026-08-26T21:28:07 update: added Music/Bracket - No Time (feat. P Square).mp3
2026-08-26T21:28:07 update: added Music/BLACKPINK - How You Like That.mp3
2026-08-26T21:28:07 update: added Music/Maandy - BUBBLY BUBBLY (na niki).mp3
2026-08-26T21:28:07 update: added Music/Cardi B - Money Bag.mp3
2026-08-26T21:28:07 update: added Music/Brian Tyler - Scales of Power.mp3
2026-08-26T21:28:07 update: added Music/Zay Hilfigerrr - Juju on That Beat (TZ Anthem).mp3
2026-08-26T21:28:07 update: added Music/DJ Tech - Kok Amapiano.mp3
2026-08-26T21:28:07 update: added Music/Kanye West - Believe What I Say.mp3
2026-08-26T21:28:07 update: added Music/Ciara - Paint It, Black.mp3
2026-08-26T21:28:07 update: added Music/Rae Sremmurd - Throw Sum Mo.mp3
2026-08-26T21:28:07 update: added Music/Mr Eazi - Keys to the City (Ogede).mp3
2026-08-26T21:28:07 update: added Music/Russell Dickerson - She Likes It (feat. Jake Scott).mp3
2026-08-26T21:28:07 update: added Music/DaniLeigh - Lil Bebe.mp3
2026-08-26T21:28:07 update: added Music/ALA C  - NOWE (OFFICIAL VIDEO) [Set This Song As Your Skiza Dial _811_543# ].mp3
2026-08-26T21:28:07 update: added Music/BLACKPINK - Kill This Love.mp3
2026-08-26T21:28:07 update: added Music/DJ Khaled - Wild Thoughts.mp3
2026-08-26T21:28:07 update: added Music/Different Heaven - My Heart.mp3
2026-08-26T21:28:07 update: added Music/Jay Eskar - In My Heart.mp3
2026-08-26T21:28:07 update: added Music/Rudimental - These Days (feat. Jess Glynne, Macklemore   Dan.mp3
2026-08-26T21:28:07 update: added Music/Magnom - My Baby (feat. Joey B).mp3
2026-08-26T21:28:07 update: added Music/Alan Walker - I Don t Wanna Go.mp3
2026-08-26T21:28:07 update: added Music/Post Malone - One Right Now.mp3
2026-08-26T21:28:07 update: added Music/Sia - The Greatest.mp3
2026-08-26T21:28:07 update: added Music/Sauti Sol - Rewind.mp3
2026-08-26T21:28:07 update: added Music/Chris Brown - Party.mp3
2026-08-26T21:28:07 update: added Music/Jax Jones - Ring Ring.mp3
2026-08-26T21:28:07 update: added Music/The Kid Laroi - Stay.mp3
2026-08-26T21:28:07 update: added Music/Wiz Khalifa - Stayin out All Night.mp3
2026-08-26T21:28:08 update: added Music/Kid Ink - Promise (feat. Fetty Wap).mp3
2026-08-26T21:28:08 update: added Music/Ada Ehi - The Word Is Working (Refreshed).mp3
2026-08-26T21:28:08 update: added Music/Pentatonix - White Winter Hymnal.mp3
2026-08-26T21:28:08 update: added Music/Illenium - Worst Day.mp3
2026-08-26T21:28:08 update: added Music/Ann Marie - Low Key.mp3
2026-08-26T21:28:08 update: added Music/Tobu - Hope.mp3
2026-08-26T21:28:08 update: added Music/Bracket - Yori Yori.mp3
2026-08-26T21:28:08 update: added Music/Rayvanny - Chuchumaa.mp3
2026-08-26T21:28:08 update: added Music/Kehlani - Shadows.mp3
2026-08-26T21:28:08 update: added Music/Stormzy - Own It (feat. Ed Sheeran   Burna Boy).mp3
2026-08-26T21:28:08 update: added Music/Skrillex - RATATA.mp3
2026-08-26T21:28:08 update: added Music/Maroon 5 - Don t Wanna Know.mp3
2026-08-26T21:28:08 update: added Music/Justin Bieber - What Do You Mean.mp3
2026-08-26T21:28:08 update: added Music/Wiz Khalifa - Hopeless Romantic (feat. Swae Lee).mp3
2026-08-26T21:28:08 update: added Music/Kane Brown - Be Like That (feat. Swae Lee   Khalid).mp3
2026-08-26T21:28:08 update: added Music/Yellow Claw - Light Years.mp3
2026-08-26T21:28:08 update: added Music/Gwen Stefani - Baby Don t Lie.mp3
2026-08-26T21:28:08 update: added Music/Diviners feat. Contacreast - Tropic Love.mp3
2026-08-26T21:28:08 update: added Music/Martin Garrix - Animals.mp3
2026-08-26T21:28:08 update: added Music/Ampyx - All I Want.mp3
2026-08-26T21:28:08 update: added Music/Coldplay - My Universe.mp3
2026-08-26T21:28:08 update: added Music/Flo Rida - My House.mp3
2026-08-26T21:28:08 update: added Music/B.o.B - Roll Up (feat. Marko Penn).mp3
2026-08-26T21:28:08 update: added Music/Tid - Nyota Yako.mp3
2026-08-26T21:28:08 update: added Music/Ariana Grande - break up with your girlfriend, i m bored.mp3
2026-08-26T21:28:08 update: added Music/Janji - Heroes Tonight.mp3
2026-08-26T21:28:08 update: added Music/Young Thug - Take Care.mp3
2026-08-26T21:28:08 update: added Music/XXXTentacion - Look At Me!.mp3
2026-08-26T21:28:08 update: added Music/The Saturdays - What About Us (Remix).mp3
2026-08-26T21:28:08 update: added Music/Juicy J - Smoke A Nigga (Explicit Version).mp3
2026-08-26T21:28:08 update: added Music/Luis Fonsi - Date La Vuelta.mp3
2026-08-26T21:28:08 update: added Music/Selena Gomez - The Heart Wants What It Wants.mp3
2026-08-26T21:28:08 update: added Music/Fuse ODG - Million Pound Girl (Badder Than Bad).mp3
2026-08-26T21:28:09 update: added Music/Sevyn Streeter - It Won t Stop (feat. Chris Brown) (EP Versi.mp3
2026-08-26T21:28:09 update: added Music/Doktor - On Me.mp3
2026-08-26T21:28:09 update: added Music/TXC - Nakupenda.mp3
2026-08-26T21:28:09 update: added Music/Matata - Oversized T-shirt.mp3
2026-08-26T21:28:09 update: added Music/Jennifer Lopez - I m Into You (Album Version).mp3
2026-08-26T21:28:09 update: added Music/Jax - Victoria s Secret.mp3
2026-08-26T21:28:09 update: added Music/Linked Horizon - Jiyuu No Tsubasa.mp3
2026-08-26T21:28:09 update: added Music/Afrojack - Do Or Die (Afrojack vs. THIRTY SECONDS TO MARS Re.mp3
2026-08-26T21:28:09 update: added Music/Flo Rida - I Cry.mp3
2026-08-26T21:28:09 update: added Music/Missy Elliott - I m Better (feat. Lamb).mp3
2026-08-26T21:28:09 update: added Music/James Newton Howard - The Hanging Tree.mp3
2026-08-26T21:28:09 update: added Music/NCS - Adventure [NCS Release].mp3
2026-08-26T21:28:09 update: added Music/Mario - Let Me Love You.mp3
2026-08-26T21:28:09 update: added Music/Imagine Dragons - Enemy with JID (Opening Title Version).mp3
2026-08-26T21:28:09 update: added Music/Jonas Blue - Perfect Strangers.mp3
2026-08-26T21:28:09 update: added Music/Benny Blanco - Graduation.mp3
2026-08-26T21:28:09 update: added Music/Stray_Kids_Come_Play_from_the_series_Arcane_League_of_Legends.mp3
2026-08-26T21:28:09 update: added Music/RITA ORA - Your Song.mp3
2026-08-26T21:28:09 update: added Music/Infraction Music - Drift Vibe.mp3
2026-08-26T21:28:09 update: added Music/Patoranking - This Kind Luv.mp3
2026-08-26T21:28:09 update: added Music/Chris Brown - Pitch Black.mp3
2026-08-26T21:28:09 update: added Music/Cary Brothers - Say.mp3
2026-08-26T21:28:09 update: added Music/P-Square - No One Like You.mp3
2026-08-26T21:28:09 update: added Music/Cashmere Cat - Miss You.mp3
2026-08-26T21:28:09 update: added Music/Nasty C - Jack.mp3
2026-08-26T21:28:09 update: added Music/Eminem - Love The Way You Lie.mp3
2026-08-26T21:28:09 update: added Music/P-Square - Jaiye (Ihe Geme).mp3
2026-08-26T21:28:09 update: added Music/Dash Berlin - World Falls Apart (feat. Jonathan Mendelsohn).mp3
2026-08-26T21:28:09 update: added Music/Shaneil Muir - Ride It.mp3
2026-08-26T21:28:09 update: added Music/Pentatonix - Kid On Christmas (feat. Meghan Trainor).mp3
2026-08-26T21:28:09 update: added Music/Soulja Boy Tell em - Turn My Swag On.mp3
2026-08-26T21:28:09 update: added Music/Kygo - Stay.mp3
2026-08-26T21:28:09 update: added Music/Jack Harlow - First Class.mp3
2026-08-26T21:28:09 update: added Music/Robin Thicke - Blurred Lines.mp3
2026-08-26T21:28:09 update: added Music/Nyashinski - Dubai.mp3
2026-08-26T21:28:09 update: added Music/Calvin Harris - My Way.mp3
2026-08-26T21:28:09 update: added Music/Alan Walker - Darkside.mp3
2026-08-26T21:28:09 update: added Music/Little Mix - Hair (feat. Sean Paul).mp3
2026-08-26T21:28:10 update: added Music/P!nk - Just Give Me a Reason.mp3
2026-08-26T21:28:10 update: added Music/Jax Jones - Where Did You Go.mp3
2026-08-26T21:28:10 update: added Music/ACHOMIN BY CHEBET ZING FT GIAN(skiza ＊860＊967# free 1gb) OFFICIAL VIDEO (4K video)#dance #love [Pr4gHSBYh04].mp3
2026-08-26T21:28:10 update: added Music/Khalid - Suncity.mp3
2026-08-26T21:28:10 update: added Music/Chris Brown - Undecided.mp3
2026-08-26T21:28:10 update: added Music/Longombas - Queen.mp3
2026-08-26T21:28:10 update: added Music/EQRIC - Stereo Hearts.mp3
2026-08-26T21:28:10 update: added Music/Dawin - Dessert (Remix).mp3
2026-08-26T21:28:10 update: added Music/Haqy setiaputra - Walk Straight Out.mp3
2026-08-26T21:28:10 update: added Music/Little Mix - Power.mp3
2026-08-26T21:28:10 update: added Music/Twenty One Pilots - Stressed Out.mp3
2026-08-26T21:28:10 update: added Music/Vybz Kartel - Something New.mp3
2026-08-26T21:28:10 update: added Music/Marshmello - Numb.mp3
2026-08-26T21:28:10 update: added Music/Olympic Ayres - Magic.mp3
2026-08-26T21:28:10 update: added Music/Young Dolph - Major.mp3
2026-08-26T21:28:10 update: added Music/Korede Bello - Work It.mp3
2026-08-26T21:28:10 update: added Music/Sean Paul - Mad Love.mp3
2026-08-26T21:28:10 update: added Music/Martin Garrix - In the Name of Love.mp3
2026-08-26T21:28:10 update: added Music/Astrak - Say Goodbye.mp3
2026-08-26T21:28:10 update: added Music/Silento - Watch Me (Whip _ Nae Nae).mp3
2026-08-26T21:28:10 update: added Music/Rihanna - Lift Me Up (From Black Panther  Wakanda Forever -.mp3
2026-08-26T21:28:10 update: added Music/Imagine Dragons - Enemy (from the series Arcane League of Le.mp3
2026-08-26T21:28:10 update: added Music/Roddy Ricch - The Box.mp3
2026-08-26T21:28:10 update: added Music/DaVido - Blow My Mind.mp3
2026-08-26T21:28:10 update: added Music/Chella - My Darling.mp3
2026-08-26T21:28:10 update: added Music/Iwaata - Bad Clarks.mp3
2026-08-26T21:28:10 update: added Music/Anitta - Girl From Rio.mp3
2026-08-26T21:28:10 update: added Music/Pop Smoke - Dior.mp3
2026-08-26T21:28:10 update: added Music/Nandy - Number One.mp3
2026-08-26T21:28:10 update: added Music/Metro Boomin - Creepin.mp3
2026-08-26T21:28:10 update: added Music/Kiesza - You re The Best.mp3
2026-08-26T21:28:10 update: added Music/Alana Maria - Chargie (feat. Midas The Jagaban).mp3
2026-08-26T21:28:10 update: added Music/Pentatonix - Problem.mp3
2026-08-26T21:28:10 update: added Music/Omah lay - Understand.mp3
2026-08-26T21:28:10 update: added Music/Justin Timberlake - Cry Me a River.mp3
2026-08-26T21:28:10 update: added Music/Judah   the Lion - Why Did You Run.mp3
2026-08-26T21:28:10 update: added Music/Rich Gang - Tapout (Explicit Version).mp3
2026-08-26T21:28:10 update: added Music/Chris Brown - Love More.mp3
2026-08-26T21:28:10 update: added Music/Chris Brown - Angel Numbers _ Ten Toes.mp3
2026-08-26T21:28:10 update: added Music/Sheebah - Nabaleka.mp3
2026-08-26T21:28:11 update: added Music/Brandy - Long Distance.mp3
2026-08-26T21:28:11 update: added Music/Sauti Sol - Suzanna.mp3
2026-08-26T21:28:11 update: added Music/Nikita Kering - Ex.mp3
2026-08-26T21:28:11 update: added Music/All Tvvins - Darkest Ocean.mp3
2026-08-26T21:28:11 update: added Music/Sherieta - Last Time.mp3
2026-08-26T21:28:11 update: added Music/R. City - Locked Away.mp3
2026-08-26T21:28:11 update: added Music/Uncojingjong - WANJAPI 2.mp3
2026-08-26T21:28:11 update: added Music/Nadia Mukami - Tesa (feat. Fena Gitu   Khaligraph Jones).mp3
2026-08-26T21:28:11 update: added Music/Chris Brown - Little More (Royalty).mp3
2026-08-26T21:28:11 update: added Music/Jason Derulo - Savage Love.mp3
2026-08-26T21:28:11 update: added Music/Matt Redman - 10,000 Reasons (Bless The Lord) [Radio Version.mp3
2026-08-26T21:28:11 update: added Music/Sophia Squire - Love.mp3
2026-08-26T21:28:11 update: added Music/Kim Loaiza - Apaga la Luz (feat. Ovy On The Drums).mp3
2026-08-26T21:28:11 update: added Music/Bruno Mars - Grenade.mp3
2026-08-26T21:28:11 update: added Music/Tone Stith - Do I Ever (feat. Chris Brown).mp3
2026-08-26T21:28:11 update: added Music/Tinashe - All Hands on Deck.mp3
2026-08-26T21:28:11 update: added Music/Quada - Feel Nice.mp3
2026-08-26T21:28:11 update: added Music/Fleetwood Mac - Everywhere.mp3
2026-08-26T21:28:11 update: added Music/Chris Brown - Forever.mp3
2026-08-26T21:28:11 update: added Music/Silverberg - Reaper.mp3
2026-08-26T21:28:11 update: added Music/6lack - Pretty Little Fears.mp3
2026-08-26T21:28:11 update: added Music/Christina Shusho - Relax.mp3
2026-08-26T21:28:11 update: added Music/Katy Perry - Swish Swish.mp3
2026-08-26T21:28:11 update: added Music/Etana - My Man.mp3
2026-08-26T21:28:11 update: added Music/Demarco - Comfortable.mp3
2026-08-26T21:28:11 update: added Music/Shane Codd - Get Out My Head (Todd Terry Remix).mp3
2026-08-26T21:28:12 update: added Music/Doktor - Pending.mp3
2026-08-26T21:28:12 update: added Music/Ciara - Never Ever (feat. Jeezy) (Main Version).mp3
2026-08-26T21:28:12 update: added Music/Lil_Wayne_Sucker_for_Pain_with_Logic,_Ty_Dolla_$ign_X_A.mp3
2026-08-26T21:28:12 update: added Music/Em Beihold - Numb Little Bug.mp3
2026-08-26T21:28:12 update: added Music/Ron Kenoly - We Declare That the Kingdom of God Is Here (Liv.mp3
2026-08-26T21:28:12 update: added Music/Jacob Miller - Tenement Yard.mp3
2026-08-26T21:28:12 update: added Music/Otile Brown - Watoto Na Pombe.mp3
2026-08-26T21:28:12 update: added Music/Omarion - I m Up (feat. Kid Ink   French Montana).mp3
2026-08-26T21:28:12 update: added Music/Farruko - Krippy Kush (Remix).mp3
2026-08-26T21:28:12 update: added Music/Sean Paul - Got 2 Luv U (feat. Alexis Jordan).mp3
2026-08-26T21:28:12 update: added Music/Pentatonix - Hey Momma _ Hit the Road Jack.mp3
2026-08-26T21:28:13 update: added Music/GASHI - Sleeping On My Left.mp3
2026-08-26T21:28:13 update: added Music/Ne-Yo - Closer.mp3
2026-08-26T21:28:13 update: added Music/Rihanna - We Found Love (Album Version).mp3
2026-08-26T21:28:13 update: added Music/Busy Signal - Happiness.mp3
2026-08-26T21:28:13 update: added Music/Nyashinski - Busy.mp3
2026-08-26T21:28:13 update: added Music/Rae Sremmurd - Swang.mp3
2026-08-26T21:28:13 update: added Music/DJ Khaled - POPSTAR.mp3
2026-08-26T21:28:13 update: added Music/Iggy Azalea - Fancy.mp3
2026-08-26T21:28:13 update: added Music/Iyaz - Pretty Girls (feat. Travie McCoy).mp3
2026-08-26T21:28:13 update: added Music/Enrique Iglesias - Heart Attack.mp3
2026-08-26T21:28:13 update: added Music/Ayo Jay - The Vibe.mp3
2026-08-26T21:28:13 update: added Music/Maroon 5 - One More Night.mp3
2026-08-26T21:28:13 update: added Music/Migos - MotorSport.mp3
2026-08-26T21:28:13 update: added Music/Rihanna - Diamonds (Album Version).mp3
2026-08-26T21:28:13 update: added Music/Demarco - Love My Life.mp3
2026-08-26T21:28:13 update: added Music/Jorja Smith - Be Honest (feat. Burna Boy).mp3
2026-08-26T21:28:13 update: added Music/Ellie Goulding - Love Me Like You Do.mp3
2026-08-26T21:28:13 update: added Music/Macklemore - Thrift Shop (feat. Wanz).mp3
2026-08-26T21:28:13 update: added Music/Richie Spice - Kings   Queens.mp3
2026-08-26T21:28:13 update: added Music/DILLONFRANCIS - Get Low.mp3
2026-08-26T21:28:13 update: added Music/Fireboy Dml - Peru 2.mp3
2026-08-26T21:28:13 update: added Music/Tasha Cobbs Leonard - I m Getting Ready.mp3
2026-08-26T21:28:13 update: added Music/Hunter Hayes - Missing You.mp3
2026-08-26T21:28:13 update: added Music/Harry Cane - Dubula.mp3
2026-08-26T21:28:13 update: added Music/Spice - Go Down Deh (feat. Shaggy and Sean Paul).mp3
2026-08-26T21:28:14 update: added Music/Jason Derulo - Talk Dirty (feat. 2 Chainz).mp3
2026-08-26T21:28:14 update: added Music/Nyanda - Slippery When Wet [Radio Edit].mp3
2026-08-26T21:28:14 update: added Music/Jason Derulo - In My Head.mp3
2026-08-26T21:28:14 update: added Music/Jason Derulo - Tip Toe (feat. French Montana).mp3
2026-08-26T21:28:14 update: added Music/Natalie La Rose - Somebody.mp3
2026-08-26T21:28:14 update: added Music/Yves Larock - Rise Up.mp3
2026-08-26T21:28:14 update: added Music/Rihanna - Rehab.mp3
2026-08-26T21:28:14 update: added Music/Christopher Martin - Paper Loving.mp3
2026-08-26T21:28:14 update: added Music/Adele - Rolling in the Deep.mp3
2026-08-26T21:28:14 update: added Music/Alok - Wherever You Go (feat. John Martin).mp3
2026-08-26T21:28:14 update: added Music/Maroon 5 - Sugar.mp3
2026-08-26T21:28:14 update: added Music/Alan Walker - Different World.mp3
2026-08-26T21:28:14 update: added Music/Romain Virgo - Soul Provider.mp3
2026-08-26T21:28:14 update: added Music/Tanasha Donna - Kalypso (feat. Khaligraph Jones).mp3
2026-08-26T21:28:14 update: added Music/David Guetta - 2U (feat. Justin Bieber).mp3
2026-08-26T21:28:14 update: added Music/Gyptian - Come Over.mp3
2026-08-26T21:28:14 update: added Music/Wakadinali - Geri Inengi (feat. SirBwoy, Sewersydaa   Scar M.mp3
2026-08-26T21:28:14 update: added Music/Drty Lndry - Bang! (feat. Bella Thorne   Kanner).mp3
2026-08-26T21:28:14 update: added Music/Nailah Blackman - Melancholy.mp3
2026-08-26T21:28:14 update: added Music/Alikiba - Bwana Mdogo (feat. Patoranking).mp3
2026-08-26T21:28:14 update: added Music/David Guetta - Play Hard (feat. Ne-Yo   Akon) (New Edit).mp3
2026-08-26T21:28:14 update: added Music/Mariah Carey - Touch My Body.mp3
2026-08-26T21:28:14 update: added Music/will.i.am - Scream   Shout.mp3
2026-08-26T21:28:14 update: added Music/Yo Gotti - Pose.mp3
2026-08-26T21:28:14 update: added Music/Brian Tyler - Formula 1 Theme.mp3
2026-08-26T21:28:14 update: added Music/Anne-Marie - Who I Am.mp3
2026-08-26T21:28:15 update: added Music/Ron Kenoly - Mourning Into Dancing (Live).mp3
2026-08-26T21:28:15 update: added Music/Tiësto - Seavolution (From Hotel Transylvania 3).mp3
2026-08-26T21:28:15 update: added Music/Flo Rida - Wild Ones (feat. Sia).mp3
2026-08-26T21:28:15 update: added Music/Otile Brown - Dusuma.mp3
2026-08-26T21:28:15 update: added Music/Morgan Heritage - I m Coming Home.mp3
2026-08-26T21:28:15 update: added Music/Khaligraph Jones - Mbona.mp3
2026-08-26T21:28:15 update: added Music/Omah lay - i m a mess.mp3
2026-08-26T21:28:15 update: added Music/Young Thug - Family Don t Matter (feat. Millie Go Lightly).mp3
2026-08-26T21:28:15 update: added Music/T.I. - Big S  t Poppin  (Do It).mp3
2026-08-26T21:28:15 update: added Music/Etana - Love Song.mp3
2026-08-26T21:28:16 update: added Music/Metro Boomin - Self Love (Spider-Man  Across the Spider-Vers.mp3
2026-08-26T21:28:16 update: added Music/Maroon 5 - Beautiful Mistakes.mp3
2026-08-26T21:28:16 update: added Music/Deekey - Sweet Mistake.mp3
2026-08-26T21:28:16 update: added Music/Andra - Sudamericana.mp3
2026-08-26T21:28:16 update: added Music/Calvin Harris - I Need Your Love.mp3
2026-08-26T21:28:16 update: added Music/Digital Farm Animals - Last Night.mp3
2026-08-26T21:28:16 update: added Music/The Script - You Won t Feel a Thing.mp3
2026-08-26T21:28:16 update: added Music/Open Till L8 - Don t Hang Up.mp3
2026-08-26T21:28:16 update: added Music/Joey Bada$$ - THE REV3NGE.mp3
2026-08-26T21:28:16 update: added Music/Brick   Lace - Love is Wicked (Diwali Riddim 2002).mp3
2026-08-26T21:28:16 update: added Music/Yo Gotti - Down In the DM.mp3
2026-08-26T21:28:16 update: added Music/Camila Cabello - My Oh My.mp3
2026-08-26T21:28:16 update: added Music/Dyana Cods - SET IT (feat. AJAY (Buruklynboyz)).mp3
2026-08-26T21:28:16 update: added Music/Lady Gaga - Rain On Me.mp3
2026-08-26T21:28:16 update: added Music/XXXTentacion - Sauce!.mp3
2026-08-26T21:28:16 update: added Music/Coopex - Radioactive.mp3
2026-08-26T21:28:16 update: added Music/Iyaz - Solo.mp3
2026-08-26T21:28:16 update: added Music/Appy - Watu Feki.mp3
2026-08-26T21:28:16 update: added Music/Jonas Blue - Younger.mp3
2026-08-26T21:28:16 update: added Music/Maud Elka - Songi Songi.mp3
2026-08-26T21:28:17 update: added Music/Cardi B - Best Life (feat. Chance The Rapper).mp3
2026-08-26T21:28:17 update: added Music/Maino - All the Above (feat. T-Pain).mp3
2026-08-26T21:28:17 update: added Music/Beenie Man - So Me Stay.mp3
2026-08-26T21:28:17 update: added Music/Kygo - Stranger Things.mp3
2026-08-26T21:28:17 update: added Music/Burna Boy - Check and Balance.mp3
2026-08-26T21:28:17 update: added Music/KSHMR - Maria Maria.mp3
2026-08-26T21:28:17 update: added Music/Mimoza - Unprotected.mp3
2026-08-26T21:28:17 update: added Music/NF - LOST.mp3
2026-08-26T21:28:17 update: added Music/Ykee Benda & Yuny Kamau - Hold Me.mp3
2026-08-26T21:28:17 update: added Music/Unlike Pluto - Waiting for You (feat. Joanna Jones).mp3
2026-08-26T21:28:17 update: added Music/Chris Brown - On Some New Sh t.mp3
2026-08-26T21:28:17 update: added Music/Rihanna - FourFiveSeconds.mp3
2026-08-26T21:28:17 update: added Music/Murda Beatz - DOORS UNLOCKED.mp3
2026-08-26T21:28:17 update: added Music/Kane Brown - Like I Love Country Music.mp3
2026-08-26T21:28:18 update: added Music/E40 RED CUP Feat TPain Kid Ink  BOB.mp3
2026-08-26T21:28:18 update: added Music/Major Lazer - Night Riders.mp3
2026-08-26T21:28:18 update: added Music/Willy Paul - Roho Mbaya.mp3
2026-08-26T21:28:18 update: added Music/Liam Payne - Strip That Down.mp3
2026-08-26T21:28:18 update: added Music/Justin Timberlake - Mirrors.mp3
2026-08-26T21:28:18 update: added Music/Tyla - Water.mp3
2026-08-26T21:28:18 update: added Music/Yendry - Love Is Not Hard To Find (from the Amazon Original.mp3
2026-08-26T21:28:18 update: added Music/Fathermoh - Kaskie Vibaya.mp3
2026-08-26T21:28:18 update: added Music/Wyre - Kingston Girl.mp3
2026-08-26T21:28:18 update: added Music/BLACKPINK - Pink Venom.mp3
2026-08-26T21:28:18 update: added Music/Viola Karuri - I Like it.mp3
2026-08-26T21:28:18 update: added Music/The Weeknd - Save Your Tears.mp3
2026-08-26T21:28:18 update: added Music/Pheelz - Electricity.mp3
2026-08-26T21:28:18 update: added Music/Konshens - Bruk Off Yuh Back.mp3
2026-08-26T21:28:18 update: added Music/Young Thug - Feel It.mp3
2026-08-26T21:28:18 update: added Music/Macklemore - Good Old Days (feat. Kesha).mp3
2026-08-26T21:28:18 update: added Music/Nassi - Pas fatigué.mp3
2026-08-26T21:28:18 update: added Music/Ron Kenoly - Righteousness, Peace and Joy (Live).mp3
2026-08-26T21:28:18 update: added Music/Nyashinski - Perfect Design.mp3
2026-08-26T21:28:18 update: added Music/Twenty One Pilots - Ride.mp3
2026-08-26T21:28:18 update: added Music/Nyashinski - Bebi Bebi.mp3
2026-08-26T21:28:18 update: added Music/DJ Snake - Fuego.mp3
2026-08-26T21:28:18 update: added Music/Halsey - You should be sad.mp3
2026-08-26T21:28:18 update: added Music/Big Sean - Blessings.mp3
2026-08-26T21:28:18 update: added Music/Marshmello - American Psycho.mp3
2026-08-26T21:28:18 update: added Music/T.I. - No Mediocre.mp3
2026-08-26T21:28:18 update: added Music/Navy Kenzo - Roll It (Original).mp3
2026-08-26T21:28:18 update: added Music/Loving Caliber - You Are The Solution.mp3
2026-08-26T21:28:18 update: added Music/Olakira - In My Maserati.mp3
2026-08-26T21:28:18 update: added Music/Guy Sebastian - Believer.mp3
2026-08-26T21:28:18 update: added Music/Navy Kenzo - Feel Good.mp3
2026-08-26T21:28:18 update: added Music/Jada Kingdom - Fling It Back.mp3
2026-08-26T21:28:18 update: added Music/Alan Walker - Alone.mp3
2026-08-26T21:28:18 update: added Music/Aya Nakamura - Nirvana.mp3
2026-08-26T21:28:19 update: added Music/Post Malone - When I m Alone.mp3
2026-08-26T21:28:19 update: added Music/Tiësto - Wave Rider (From Hotel Transylvania 3).mp3
2026-08-26T21:28:19 update: added Music/Imagine Dragons - Whatever It Takes.mp3
2026-08-26T21:28:19 update: added Music/Selena Gomez - Good For You.mp3
2026-08-26T21:28:19 update: added Music/N-Dubz - February.mp3
2026-08-26T21:28:19 update: added Music/Jennifer Lopez - Live It Up.mp3
2026-08-26T21:28:19 update: added Music/Ahxello - Sky High.mp3
2026-08-26T21:28:19 update: added Music/Eminem - The Monster.mp3
2026-08-26T21:28:19 update: added Music/Alec Benjamin - Devil Doesn t Bargain.mp3
2026-08-26T21:28:19 update: added Music/Kygo - Woke Up in Love.mp3
2026-08-26T21:28:19 update: added Music/Phao - 2 Phút Hơn (KAIZ Remix).mp3
2026-08-26T21:28:19 update: added Music/Nipsey Hussle - Grinding All My Life.mp3
2026-08-26T21:28:19 update: added Music/Bruno Mars - Finesse.mp3
2026-08-26T21:28:19 update: added Music/Futher Notice - Baby Can I Hold You.mp3
2026-08-26T21:28:19 update: added Music/Ce cile - Waiting.mp3
2026-08-26T21:28:19 update: added Music/Gilad - Swahili Girl.mp3
2026-08-26T21:28:19 update: added Music/Young Thug - Do U Love Me.mp3
2026-08-26T21:28:19 update: added Music/Steve Aoki - Heavenly Hell (ft. Ne-Yo).mp3
2026-08-26T21:28:19 update: added Music/Muzzy D Pilot - Shay mpempe amapiano mix (feat. Dj Mavuthela.mp3
2026-08-26T21:28:19 update: added Music/Jason Derulo - If I m Lucky.mp3
2026-08-26T21:28:19 update: added Music/Soulkaine - I M A THREAT.mp3
2026-08-26T21:28:19 update: added Music/Tory Lanez - LUV.mp3
2026-08-26T21:28:19 update: added Music/A$AP Rocky - Fukk Sleep.mp3
2026-08-26T21:28:19 update: added Music/Ed Sheeran - Eyes Closed.mp3
2026-08-26T21:28:19 update: added Music/Luis Fonsi - Calypso (Remix).mp3
2026-08-26T21:28:19 update: added Music/Nameless - Juju (feat. Mr. Lenny).mp3
2026-08-26T21:28:19 update: added Music/Nasty C - Do U Digg.mp3
2026-08-26T21:28:19 update: added Music/Chris Brown - Go Crazy.mp3
2026-08-26T21:28:20 update: added Music/Chris Brown - Overtime.mp3
2026-08-26T21:28:20 update: added Music/1da Banton - Summer Love.mp3
2026-08-26T21:28:20 update: added Music/Ofrin - Winner.mp3
2026-08-26T21:28:20 update: added Music/Jimmie Allen - Freedom Was A Highway.mp3
2026-08-26T21:28:20 update: added Music/Burna Boy - On The Low.mp3
2026-08-26T21:28:20 update: added Music/Guy Sebastian - Battle Scars (feat. Lupe Fiasco).mp3
2026-08-26T21:28:20 update: added Music/Pitbull - Wild Wild Love.mp3
2026-08-26T21:28:20 update: added Music/ZEDD - Stay The Night (Featuring Hayley Williams Of Paramore.mp3
2026-08-26T21:28:20 update: added Music/Camila Cabello - Never Be the Same.mp3
2026-08-26T21:28:20 update: added Music/DJ Khaled - BIG TIME (feat. Future   Lil Baby).mp3
2026-08-26T21:28:20 update: added Music/Ann Marie - Sexting.mp3
2026-08-26T21:28:20 update: added Music/Hardy - wait in the truck (feat. Lainey Wilson).mp3
2026-08-26T21:28:20 update: added Music/Jonas Blue - Rise.mp3
2026-08-26T21:28:20 update: added Music/Shaggy - I Need Your Love.mp3
2026-08-26T21:28:20 update: added Music/Navy Kenzo - Katika.mp3
2026-08-26T21:28:20 update: added Music/Ali Gatie - Can t Give Up.mp3
2026-08-26T21:28:20 update: added Music/juelz - Eden.mp3
2026-08-26T21:28:20 update: added Music/Carolina Gaitán - La Gaita - We Don t Talk About Bruno.mp3
2026-08-26T21:28:20 update: added Music/Simaro Massiya Lutumba - Andre kisangi.mp3
2026-08-26T21:28:20 update: added Music/Demarco - TWERK (feat. Just Brittany   Mirror Ink).mp3
2026-08-26T21:28:20 update: added Music/Inkyz - Shiva.mp3
2026-08-26T21:28:20 update: added Music/Lil Tecca - Bussin Bussin.mp3
2026-08-26T21:28:20 update: added Music/Loving Caliber - Dive Into You.mp3
2026-08-26T21:28:20 update: added Music/Elektronomia - Sky High.mp3
2026-08-26T21:28:20 update: added Music/Atlas Genius - Stockholm.mp3
2026-08-26T21:28:20 update: added Music/Brandy - Starting Now.mp3
2026-08-26T21:28:20 update: added Music/Mariah Carey - All I Want for Christmas Is You.mp3
2026-08-26T21:28:20 update: added Music/Mimi Mars - Una.mp3
2026-08-26T21:28:20 update: added Music/Ali Gatie - IDK.mp3
2026-08-26T21:28:20 update: added Music/Marcus   Martinus - Light It Up.mp3
2026-08-26T21:28:20 update: added Music/Sasha Sloan - Until It Happens To You.mp3
2026-08-26T21:28:20 update: added Music/Calvin Harris - Sweet Nothing.mp3
2026-08-26T21:28:20 update: added Music/Bensoul - Row.mp3
2026-08-26T21:28:20 update: added Music/Willy Paul - Popo.mp3
2026-08-26T21:28:20 update: added Music/Pentatonix - Issues.mp3
2026-08-26T21:28:20 update: added Music/Khalid - Young Dumb   Broke.mp3
2026-08-26T21:28:20 update: added Music/ROSÉ - Messy.mp3
2026-08-26T21:28:20 update: added Music/Fifth Harmony - Work from Home.mp3
2026-08-26T21:28:20 update: added Music/LISA - LALISA.mp3
2026-08-26T21:28:21 update: added Music/Kuami Eugene - Boom Bang Bang.mp3
2026-08-26T21:28:21 update: added Music/Take That - Back for Good (Radio Mix).mp3
2026-08-26T21:28:21 update: added Music/I-Octane - Long Time (Radio Edit).mp3
2026-08-26T21:28:21 update: added Music/Ahxello - Frisbee.mp3
2026-08-26T21:28:21 update: added Music/SEAN_MMG_NOW_YOU_KNOWUMENIKNOW_feat_YBW_Smith,_Lilmaina.mp3
2026-08-26T21:28:21 update: added Music/Pentatonix - What Christmas Means To Me.mp3
2026-08-26T21:28:21 update: added Music/Imagine Dragons - Thunder.mp3
2026-08-26T21:28:21 update: added Music/Camila Cabello - Havana.mp3
2026-08-26T21:28:21 update: added Music/Kiana Ledé - Ur Best Friend.mp3
2026-08-26T21:28:21 update: added Music/Alkaline - ATM.mp3
2026-08-26T21:28:21 update: added Music/Ava Max - Sweet but Psycho.mp3
2026-08-26T21:28:21 update: added Music/Alan Jackson - Remember When.mp3
2026-08-26T21:28:21 update: added Music/David Guetta - Say My Name.mp3
2026-08-26T21:28:21 update: added Music/Dj Bobbi - Red Alert.mp3
2026-08-26T21:28:21 update: added Music/Sam Smith - Unholy.mp3
2026-08-26T21:28:21 update: added Music/James Hype - Good Luck.mp3
2026-08-26T21:28:21 update: added Music/Duane Stephenson - Cool Runnings.mp3
2026-08-26T21:28:21 update: added Music/Enrique Iglesias - Takin  Back My Love.mp3
2026-08-26T21:28:21 update: added Music/Burning Spear - Identity.mp3
2026-08-26T21:28:21 update: added Music/Kendrick Lamar - All The Stars.mp3
2026-08-26T21:28:21 update: added Music/General Degree - Feeling Irie (Dancehall Remix).mp3
2026-08-26T21:28:21 update: added Music/Khaligraph Jones - Yes Bana.mp3
2026-08-26T21:28:21 update: added Music/Puri - Palo.mp3
2026-08-26T21:28:21 update: added Music/Yani Martelly - Hold You Down.mp3
2026-08-26T21:28:21 update: added Music/Nameless - BACK IT UP.mp3
2026-08-26T21:28:21 update: added Music/Koven - Industrial Strain.mp3
2026-08-26T21:28:21 update: added Music/Fefe Dobson - Stuttering.mp3
2026-08-26T21:28:21 update: added Music/Krept   Konan - Freak Of The Week.mp3
2026-08-26T21:28:21 update: added Music/Anita Jaxson - High On Your Love.mp3
2026-08-26T21:28:21 update: added Music/Mavado - Caribbean Girls.mp3
2026-08-26T21:28:21 update: added Music/WYR GEMI - Black Samurai.mp3
2026-08-26T21:28:21 update: added Music/Lost Frequencies - Are You With Me.mp3
2026-08-26T21:28:21 update: added Music/5 Seconds Of Summer - Take My Hand (Joshua Tree Version).mp3
2026-08-26T21:28:21 update: added Music/Uncojingjong - Wanjapi.mp3
2026-08-26T21:28:21 update: added Music/Diamond - Number One.mp3
2026-08-26T21:28:21 update: added Music/Post Malone - Psycho.mp3
2026-08-26T21:28:21 update: added Music/DJ Snake - Enzo.mp3
2026-08-26T21:28:21 update: added Music/KayArchonn - In Your Eyes RMX.mp3
2026-08-26T21:28:21 update: added Music/Konshens - Show Yourself.mp3
2026-08-26T21:28:22 update: added Music/Tiësto - Red Lights.mp3
2026-08-26T21:28:22 update: added Music/Rihanna - Needed Me.mp3
2026-08-26T21:28:22 update: added Music/Tyler_ICU_Mnike_Remix_feat_DJ_Maphorisa,_Shallipopi,_Lojay.mp3
2026-08-26T21:28:22 update: added Music/Ella Henderson - Ghost.mp3
2026-08-26T21:28:22 update: added Music/Vybz Kartel - Party Nice.mp3
2026-08-26T21:28:22 update: added Music/Lionel Richie - Just Go (Album Version).mp3
2026-08-26T21:28:22 update: added Music/Samantha Gongol - Pearls (Bonus Track).mp3
2026-08-26T21:28:22 update: added Music/Nadia Mukami - Radio Love.mp3
2026-08-26T21:28:22 update: added Music/Brandy - True.mp3
2026-08-26T21:28:22 update: added Music/Kid Ink - Fly 2 Mars (feat. Rory Fresco).mp3
2026-08-26T21:28:22 update: added Music/The Chainsmokers - Takeaway.mp3
2026-08-26T21:28:22 update: added Music/Ajauni - ZARA.mp3
2026-08-26T21:28:22 update: added Music/X Ambassadors - Unsteady.mp3
2026-08-26T21:28:22 update: added Music/Lil Dicky - Molly (feat. Brendon Urie of Panic at the Disco).mp3
2026-08-26T21:28:22 update: added Music/Mr Eazi - Leg Over.mp3
2026-08-26T21:28:22 update: added Music/Ty Dolla $ign - My Friends (feat. Lil Durk).mp3
2026-08-26T21:28:22 update: added Music/Rowlene - Danger.mp3
2026-08-26T21:28:22 update: added Music/Yvonne Chaka Chaka - Let Me Be Free.mp3
2026-08-26T21:28:22 update: added Music/Migos - Fight Night.mp3
2026-08-26T21:28:22 update: added Music/Marshmello - Silence.mp3
2026-08-26T21:28:22 update: added Music/David Guetta - Don t Leave Me Alone (feat. Anne-Marie).mp3
2026-08-26T21:28:22 update: added Music/Jidenna - Boomerang.mp3
2026-08-26T21:28:22 update: added Music/Mr_Pilato_Biri_Marung_feat_Sje_Konka,_Focalistic,_DJ_Maphori.mp3
2026-08-26T21:28:22 update: added Music/Evan Giia - MOMENTUM.mp3
2026-08-26T21:28:22 update: added Music/Yani Martelly - Avè M Li Prale.mp3
2026-08-26T21:28:22 update: added Music/Rema - Corny.mp3
2026-08-26T21:28:22 update: added Music/Keyshia Cole - Heaven Sent.mp3
2026-08-26T21:28:22 update: added Music/DaniLeigh - Easy (Remix).mp3
2026-08-26T21:28:22 update: added Music/Shenseea - Foreplay.mp3
2026-08-26T21:28:22 update: added Music/Katy Perry - Part Of Me.mp3
2026-08-26T21:28:22 update: added Music/Ruger - WeWe.mp3
2026-08-26T21:28:22 update: added Music/Swn - Fame.mp3
2026-08-26T21:28:22 update: added Music/Charlie Puth - Attention.mp3
2026-08-26T21:28:22 update: added Music/DJ Cleo - Gcina Impilo Yami.mp3
2026-08-26T21:28:22 update: added Music/Savage Garden - I Knew I Loved You.mp3
2026-08-26T21:28:22 update: added Music/Chris Brown Tyga  Ayo Audio.mp3
2026-08-26T21:28:22 update: added Music/Willy Paul - Fall in Love.mp3
2026-08-26T21:28:22 update: added Music/Wakadinali_Tamashani_feat_Skillo,_Sudough_Doss_Katapilla.mp3
2026-08-26T21:28:22 update: added Music/Reekado Banks - Like (feat. Tiwa Savage   Fiokee).mp3
2026-08-26T21:28:23 update: added Music/Di Ja ft. Patoranking - Falling For You.mp3
2026-08-26T21:28:23 update: added Music/Jessie J - Bang Bang.mp3
2026-08-26T21:28:23 update: added Music/Becky Hill - Run.mp3
2026-08-26T21:28:23 update: added Music/Nasty C - 25.mp3
2026-08-26T21:28:23 update: added Music/Pitbull - Feel This Moment.mp3
2026-08-26T21:28:23 update: added Music/Matisse   Sadko - Me Without Us (with Justin Jesso).mp3
2026-08-26T21:28:23 update: added Music/Juicy J - All I Need (One Mo Drank).mp3
2026-08-26T21:28:23 update: added Music/Mr. Vegas - Gallis.mp3
2026-08-26T21:28:23 update: added Music/Becky G - Shower.mp3
2026-08-26T21:28:23 update: added Music/Ella Mai - How.mp3
2026-08-26T21:28:23 update: added Music/Vybz Kartel - Poor People Land.mp3
2026-08-26T21:28:23 update: added Music/Maggie Lindemann - Pretty Girl.mp3
2026-08-26T21:28:23 update: added Music/Ty_Dolla_$ign_Drop_That_Kitty_feat_Charli_XCX_and_Tinash.mp3
2026-08-26T21:28:23 update: added Music/Pentatonix - Amazing Grace (My Chains Are Gone).mp3
2026-08-26T21:28:23 update: added Music/Nyashinski - Free.mp3
2026-08-26T21:28:23 update: added Music/Gyptian - Stunta.mp3
2026-08-26T21:28:23 update: added Music/Vahtang beatbox - Black Betty.mp3
2026-08-26T21:28:23 update: added Music/YG - My Nigga.mp3
2026-08-26T21:28:23 update: added Music/KCee - Ojapiano.mp3
2026-08-26T21:28:23 update: added Music/Marshmello - Summer.mp3
2026-08-26T21:28:23 update: added Music/Post Malone - Cooped Up.mp3
2026-08-26T21:28:23 update: added Music/Alan Walker - Not You.mp3
2026-08-26T21:28:23 update: added Music/Taylor Swift - Bejeweled.mp3
2026-08-26T21:28:23 update: added Music/Amadeus - Winter.mp3
2026-08-26T21:28:23 update: added Music/1da Banton - No Wahala.mp3
2026-08-26T21:28:23 update: added Music/Tiwa Savage - Key to the City Remix (feat. Busy Signal).mp3
2026-08-26T21:28:23 update: added Music/Maroon 5 - Wait.mp3
2026-08-26T21:28:23 update: added Music/Jay Webb - Booty Cheeks.mp3
2026-08-26T21:28:23 update: added Music/Valiant - Mad Out.mp3
2026-08-26T21:28:23 update: added Music/Shaunmusiq - Bhebha (feat. Myztro, Mellow   Sleazy, QuayR Mu.mp3
2026-08-26T21:28:23 update: added Music/John Legend - All of Me.mp3
2026-08-26T21:28:23 update: added Music/CKay - Felony.mp3
2026-08-26T21:28:23 update: added Music/Lecrae - I ll Find You.mp3
2026-08-26T21:28:24 update: added Music/Diane Warren - Seaside.mp3
2026-08-26T21:28:24 update: added Music/Nyashinski - Serious.mp3
2026-08-26T21:28:24 update: added Music/Kid Ink - Rich.mp3
2026-08-26T21:28:24 update: added Music/Jim Yosef - Firefly.mp3
2026-08-26T21:28:24 update: added Music/Boom Boxx - I Dey.mp3
2026-08-26T21:28:24 update: added Music/Christina Shusho - Shusha Nyavu.mp3
2026-08-26T21:28:24 update: added Music/Chris Brown - Passing Time.mp3
2026-08-26T21:28:24 update: added Music/Sean Paul - Snap Yo Fingers.mp3
2026-08-26T21:28:24 update: added Music/Raul Apxpei - GTA IV (Slowed).mp3
2026-08-26T21:28:24 update: added Music/Yvonne Chaka Chaka - Who s Got The Power (Album Version).mp3
2026-08-26T21:28:24 update: added Music/GS Boyz - Stanky Legg (Main Version).mp3
2026-08-26T21:28:24 update: added Music/6uff - Badda Dan.mp3
2026-08-26T21:28:24 update: added Music/Pentatonix - God Only Knows.mp3
2026-08-26T21:28:24 update: added Music/Najeeriii - Paddle Boat.mp3
2026-08-26T21:28:24 update: added Music/Shaggy - Angel.mp3
2026-08-26T21:28:24 update: added Music/Ne-Yo - Mad (Album Version).mp3
2026-08-26T21:28:24 update: added Music/Craig David - I Know You (feat. Bastille).mp3
2026-08-26T21:28:24 update: added Music/will.i.am - It s My Birthday.mp3
2026-08-26T21:28:24 update: added Music/Selena Gomez   The Scene - Naturally.mp3
2026-08-26T21:28:24 update: added Music/Rygin King - Energy (Radio Edit).mp3
2026-08-26T21:28:24 update: added Music/Chris Brown - Zero.mp3
2026-08-26T21:28:24 update: added Music/Kenny Rogers - Coward Of The County.mp3
2026-08-26T21:28:24 update: added Music/Warriyo - Mortals.mp3
2026-08-26T21:28:24 update: added Music/Ryllz - Nemesis.mp3
2026-08-26T21:28:24 update: added Music/Dj Skizoh Bw - Tsiri Tsiri (feat. DJ Kap).mp3
2026-08-26T21:28:24 update: added Music/Trey Songz - Touchin, Lovin (feat. Nicki Minaj).mp3
2026-08-26T21:28:24 update: added Music/Tonny Young - Nongegathia.mp3
2026-08-26T21:28:24 update: added Music/Chris Brown - Harder.mp3
2026-08-26T21:28:24 update: added Music/Nelly - Dilemma.mp3
2026-08-26T21:28:24 update: added Music/P-Square - Bring It On.mp3
2026-08-26T21:28:24 update: added Music/Stylo G - My Number 1 (Radio Edit).mp3
2026-08-26T21:28:24 update: added Music/NLE Choppa - Speed It Up (feat. Rico Nasty).mp3
2026-08-26T21:28:24 update: added Music/Diamond Platnumz - Kidogo (feat. P Square).mp3
2026-08-26T21:28:24 update: added Music/KiDi - Spiritual.mp3
2026-08-26T21:28:24 update: added Music/Pentatonix - My Favorite Things.mp3
2026-08-26T21:28:24 update: added Music/Doja Cat - Cyber Sex.mp3
2026-08-26T21:28:24 update: added Music/Lakeyah - Big FlexHer.mp3
2026-08-26T21:28:25 update: added Music/Kid Ink - Nasty (feat. Jeremih   Spice).mp3
2026-08-26T21:28:25 update: added Music/Post Malone - Guy For That.mp3
2026-08-26T21:28:25 update: added Music/Zuchu - Sukari.mp3
2026-08-26T21:28:25 update: added Music/Brandy Maina - Navigate (feat. Ajay [Buruklyn Boyz]).mp3
2026-08-26T21:28:25 update: added Music/Goon Flavour - Ngishutheni (Radio Edit).mp3
2026-08-26T21:28:25 update: added Music/Popcaan - When Mi Party.mp3
2026-08-26T21:28:25 update: added Music/Nyashinski - Lift Me Up.mp3
2026-08-26T21:28:25 update: added Music/Tobu - Sunburst.mp3
2026-08-26T21:28:25 update: added Music/J Boog - Lets Do It Again.mp3
2026-08-26T21:28:25 update: added Music/Rj The Dj ft Meddy & Rayvanny - We Don t Care.mp3
2026-08-26T21:28:25 update: added Music/Tate McRae - feel like shit.mp3
2026-08-26T21:28:25 update: added Music/Bensoul - Favorite Song.mp3
2026-08-26T21:28:25 update: added Music/Alan Walker - The Spectre.mp3
2026-08-26T21:28:25 update: added Music/Yvonne Chaka Chaka - I Cry For Freedom.mp3
2026-08-26T21:28:25 update: added Music/Jason Derulo - Love Not War (The Tampa Beat).mp3
2026-08-26T21:28:25 update: added Music/Amadeus - Enigma.mp3
2026-08-26T21:28:25 update: added Music/Labrinth - Earthquake (feat. Tinie Tempah).mp3
2026-08-26T21:28:25 update: added Music/Marshmello - Alone.mp3
2026-08-26T21:28:25 update: added Music/Jahmiel - U Me Luv.mp3
2026-08-26T21:28:25 update: added Music/Cardi B - Bartier Cardi (feat. 21 Savage).mp3
2026-08-26T21:28:25 update: added Music/Ikaya - Flyaway.mp3
2026-08-26T21:28:25 update: added Music/Timbaland - The Way I Are.mp3
2026-08-26T21:28:25 update: added Music/Nicki Minaj - Beez In The Trap.mp3
2026-08-26T21:28:25 update: added Music/Teslah - Smokie Pasua.mp3
2026-08-26T21:28:25 update: added Music/Tyler Hubbard - Dancin  In The Country.mp3
2026-08-26T21:28:25 update: added Music/Halle - Angel.mp3
2026-08-26T21:28:25 update: added Music/Yeyo - Show Me.mp3
2026-08-26T21:28:25 update: added Music/Iggy Azalea - Sally Walker.mp3
2026-08-26T21:28:25 update: added Music/Vybz Kartel - Tell You Say.mp3
2026-08-26T21:28:25 update: added Music/Giovanni Lami - Anniga Sunyata.mp3
2026-08-26T21:28:25 update: added Music/Elani - HeartBeat.mp3
2026-08-26T21:28:25 update: added Music/Lauv - fuck, i m lonely.mp3
2026-08-26T21:28:25 update: added Music/Yves V - Forget You.mp3
2026-08-26T21:28:25 update: added Music/Avril - Gĩkeno.mp3
2026-08-26T21:28:25 update: added Music/KAROL G - PROVENZA.mp3
2026-08-26T21:28:25 update: added Music/Flo Rida - Low (feat. T-Pain).mp3
2026-08-26T21:28:25 update: added Music/Bastille - Remind Me.mp3
2026-08-26T21:28:25 update: added Music/Jason Derulo - Mamacita (feat. Farruko).mp3
2026-08-26T21:28:25 update: added Music/Nessa Preppy - Sha La La (Remix).mp3
2026-08-26T21:28:25 update: added Music/Lil Uzi Vert - Go Off.mp3
2026-08-26T21:28:26 update: added Music/Bayanni - Ta Ta Ta (with Jason Derulo).mp3
2026-08-26T21:28:26 update: added Music/Bensoul - Thick Thighs.mp3
2026-08-26T21:28:26 update: added Music/Iggy Azalea - Team.mp3
2026-08-26T21:28:26 update: added Music/Mr Eazi - Short Skirt.mp3
2026-08-26T21:28:26 update: added Music/Koffee - W.mp3
2026-08-26T21:28:26 update: added Music/Jason Derulo - Slidin  (feat. Kodak Black).mp3
2026-08-26T21:28:26 update: added Music/Dreamville - Ogogoro.mp3
2026-08-26T21:28:26 update: added Music/J Balvin - Machika.mp3
2026-08-26T21:28:26 update: added Music/Fuse ODG - Thinking About U.mp3
2026-08-26T21:28:26 update: added Music/Shontelle - Impossible.mp3
2026-08-26T21:28:26 update: added Music/Juicy J - Shell Shocked (feat. Kill The Noise   Madsonik) (F.mp3
2026-08-26T21:28:26 update: added Music/The Kid Daytona - Come Alive.mp3
2026-08-26T21:28:26 update: added Music/CJ - Whoopty.mp3
2026-08-26T21:28:26 update: added Music/Sandro Cavazza - Love To Lose.mp3
2026-08-26T21:28:26 update: added Music/Nick Jonas - Bacon.mp3
2026-08-26T21:28:26 update: added Music/Pentatonix - Stay.mp3
2026-08-26T21:28:26 update: added Music/Zuchu - Yalaaaa.mp3
2026-08-26T21:28:26 update: added Music/Metro Boomin - Creepin  (Remix).mp3
2026-08-26T21:28:26 update: added Music/Ironik - Falling In Love (feat. Jessica Lowndes) [Jackstar R.mp3
2026-08-26T21:28:26 update: added Music/ArrDee - Come   Go (Black Sherif Remix).mp3
2026-08-26T21:28:26 update: added Music/Tarrus Riley - Summer Fling.mp3
2026-08-26T21:28:26 update: added Music/Avril - Hello Baby.mp3
2026-08-26T21:28:26 update: added Music/Leona Lewis - Bleeding Love.mp3
2026-08-26T21:28:26 update: added Music/Bobby Shmurda - Hot Nigga.mp3
2026-08-26T21:28:26 update: added Music/Drake - Money In The Grave.mp3
2026-08-26T21:28:26 update: added Music/Tarrus Riley - Just the Way You Are.mp3
2026-08-26T21:28:26 update: added Music/Wanavokali - Kula Tatu.mp3
2026-08-26T21:28:26 update: added Music/Metro Boomin - No Complaints (Bonus).mp3
2026-08-26T21:28:26 update: added Music/Future - Mask Off (Remix).mp3
2026-08-26T21:28:26 update: added Music/Hadassah Paul - Chukua Sifa.mp3
2026-08-26T21:28:26 update: added Music/Isak Danielson - Always.mp3
2026-08-26T21:28:27 update: added Music/Maroon 5 - Memories.mp3
2026-08-26T21:28:27 update: added Music/Ariana Grande - One Last Time.mp3
2026-08-26T21:28:27 update: added Music/Lil Wayne - How To Love.mp3
2026-08-26T21:28:27 update: added Music/Cali Y El Dandee - Lumbra.mp3
2026-08-26T21:28:27 update: added Music/Poylow - Astronomia.mp3
2026-08-26T21:28:27 update: added Music/Matata - MPISHI.mp3
2026-08-26T21:28:27 update: added Music/Sub Urban - Cradles.mp3
2026-08-26T21:28:27 update: added Music/Andy Mineo - Coming In Hot.mp3
2026-08-26T21:28:27 update: added Music/OMI - Cheerleader.mp3
2026-08-26T21:28:27 update: added Music/Tyga - Hookah.mp3
2026-08-26T21:28:27 update: added Music/LSD - Genius.mp3
2026-08-26T21:28:27 update: added Music/Camila Cabello - Bam Bam (feat. Ed Sheeran).mp3
2026-08-26T21:28:27 update: added Music/Sean Paul - I m Still in Love with You (feat. Sasha).mp3
2026-08-26T21:28:27 update: added Music/Busy Signal - Missing You.mp3
2026-08-26T21:28:27 update: added Music/Nox - Unobvuma Here.mp3
2026-08-26T21:28:27 update: added Music/SEAN MMG - MI AMOR (feat. TILA).mp3
2026-08-26T21:28:27 update: added Music/Lady Gaga - Just Dance.mp3
2026-08-26T21:28:27 update: added Music/Spektrem - Shine.mp3
2026-08-26T21:28:27 update: added Music/Chris Kaiga - Chain Chain.mp3
2026-08-26T21:28:27 update: added Music/Wes Nelson - Fly Away.mp3
2026-08-26T21:28:27 update: added Music/ZEDD - The Middle.mp3
2026-08-26T21:28:27 update: added Music/Shenseea - Lighter.mp3
2026-08-26T21:28:27 update: added Music/Alikiba - So Hot.mp3
2026-08-26T21:28:27 update: added Music/Korede Bello - Romantic (feat. Tiwa Savage).mp3
2026-08-26T21:28:27 update: added Music/Ada Ehi - Jesus (You Are Able).mp3
2026-08-26T21:28:27 update: added Music/Major Lazer - Cold Water (feat. Justin Bieber   MØ).mp3
2026-08-26T21:28:27 update: added Music/Vital - Don t Say No.mp3
2026-08-26T21:28:27 update: added Music/Glass Animals - Heat Waves.mp3
2026-08-26T21:28:27 update: added Music/Qveen Herby - Bad Bitches.mp3
2026-08-26T21:28:27 update: added Music/T.O.K. - Shuub Out.mp3
2026-08-26T21:28:27 update: added Music/Calvin Harris - This Is What You Came For.mp3
2026-08-26T21:28:27 update: added Music/Chamillionaire - Ridin  (UK Radio Edit).mp3
2026-08-26T21:28:28 update: added Music/Belly - Better Believe.mp3
2026-08-26T21:28:28 update: added Music/X Ambassadors - Renegades.mp3
2026-08-26T21:28:28 update: added Music/Jahmiel - Strongest Soldier.mp3
2026-08-26T21:28:28 update: added Music/Rudeboy - Reality.mp3
2026-08-26T21:28:28 update: added Music/Travis Scott - Antidote.mp3
2026-08-26T21:28:28 update: added Music/Rae Sremmurd - No Type.mp3
2026-08-26T21:28:28 update: added Music/Runtown - Mad Over You.mp3
2026-08-26T21:28:28 update: added Music/Shiiloh - Ride.mp3
2026-08-26T21:28:28 update: added Music/Ne-Yo - PUSH BACK.mp3
2026-08-26T21:28:28 update: added Music/P-Square - Collabo.mp3
2026-08-26T21:28:28 update: added Music/Demi Lovato - Neon Lights.mp3
2026-08-26T21:28:28 update: added Music/Lil Nas X - MONTERO (Call Me By Your Name).mp3
2026-08-26T21:28:28 update: added Music/Diviners - Savannah.mp3
2026-08-26T21:28:28 update: added Music/Cardi B - Press.mp3
2026-08-26T21:28:28 update: added Music/Calvin Harris - Blame.mp3
2026-08-26T21:28:28 update: added Music/Nviiri The Storyteller - Mwana Wa Mubi.mp3
2026-08-26T21:28:28 update: added Music/Alicia Keys - Try Sleeping with a Broken Heart.mp3
2026-08-26T21:28:28 update: added Music/Patoranking - Confirm.mp3
2026-08-26T21:28:28 update: added Music/Improver - Feel The Future.mp3
2026-08-26T21:28:28 update: added Music/Pentatonix - Sorry Not Sorry.mp3
2026-08-26T21:28:28 update: added Music/Popcaan - Body So Good.mp3
2026-08-26T21:28:28 update: added Music/Witt Lowry - Into Your Arms (feat. Ava Max).mp3
2026-08-26T21:28:28 update: added Music/A$AP Rocky - Praise The Lord (Da Shine).mp3
2026-08-26T21:28:28 update: added Music/THE SCOTTS  - THE SCOTTS.mp3
2026-08-26T21:28:28 update: added Music/NEFFEX - Losing My Mind.mp3
2026-08-26T21:28:28 update: added Music/Fetty Wap - Trap Queen.mp3
2026-08-26T21:28:29 update: added Music/Martin Garrix - Scared to Be Lonely.mp3
2026-08-26T21:28:29 update: added Music/Nasty C - SMA.mp3
2026-08-26T21:28:29 update: added Music/Yo Gotti - Rake It Up.mp3
2026-08-26T21:28:29 update: added Music/Jason Derulo - Want to Want Me.mp3
2026-08-26T21:28:29 update: added Music/Alan Walker - Lost Control.mp3
2026-08-26T21:28:29 update: added Music/Cheat Codes - No Promises (feat. Demi Lovato).mp3
2026-08-26T21:28:29 update: added Music/Luis Fonsi - Despacito.mp3
2026-08-26T21:28:29 update: added Music/Megan Thee Stallion - Sweetest Pie.mp3
2026-08-26T21:28:29 update: added Music/Lanaé - Whine (Radio Edit).mp3
2026-08-26T21:28:29 update: added Music/Shane Codd - Get Out My Head.mp3
2026-08-26T21:28:29 update: added Music/Vybz Kartel - Secret (Refix).mp3
2026-08-26T21:28:29 update: added Music/Skeng - Likkle Miss.mp3
2026-08-26T21:28:29 update: added Music/Jason Derulo - Wiggle (feat. Snoop Dogg).mp3
2026-08-26T21:28:29 update: added Music/Elektronomia - Energy [NCS Release].mp3
2026-08-26T21:28:29 update: added Music/Mohombi - Hello.mp3
2026-08-26T21:28:29 update: added Music/BLACKPINK - BOOMBAYAH.mp3
2026-08-26T21:28:29 update: added Music/Taylor Swift - The Great War.mp3
2026-08-26T21:28:29 update: added Music/Yung Reece - Private Islands.mp3
2026-08-26T21:28:29 update: added Music/Otto Knows - Million Voices (Radio Edit).mp3
2026-08-26T21:28:29 update: added Music/Murda_Beatz_NO_MÁS_feat_Quavo,_J_Balvin,_Anitta,_and_Ph.mp3
2026-08-26T21:28:29 update: added Music/Ampyx - Holo.mp3
2026-08-26T21:28:29 update: added Music/R. Kelly - Cookie.mp3
2026-08-26T21:28:29 update: added Music/Tate McRae - you broke me first.mp3
2026-08-26T21:28:30 update: added Music/Linda Jepkosgei - Mamite Kariik.mp3
2026-08-26T21:28:30 update: added Music/ZAYN - I Don t Wanna Live Forever (Fifty Shades Darker).mp3
2026-08-26T21:28:30 update: added Music/Jason Derulo - Whatcha Say.mp3
2026-08-26T21:28:30 update: added Music/Cheat Codes - Feels Great (feat. Fetty Wap   CVBZ).mp3
2026-08-26T21:28:30 update: added Music/fun. - We Are Young (feat. Janelle Monáe).mp3
2026-08-26T21:28:30 update: added Music/Alkaline - Juggernaut.mp3
2026-08-26T21:28:30 update: added Music/Eminem - Godzilla.mp3
2026-08-26T21:28:30 update: added Music/Jhené Aiko - P $$Y Fairy (OTW).mp3
2026-08-26T21:28:30 update: added Music/Chris Brown - Run It! (Featuring Juelz Santana).mp3
2026-08-26T21:28:30 update: added Music/MKTO - Classic.mp3
2026-08-26T21:28:30 update: added Music/Noti Flow - Foto Moto (feat. Benzema).mp3
2026-08-26T21:28:30 update: added Music/Meduza - Lose Control.mp3
2026-08-26T21:28:30 update: added Music/Chris Brown - Call Me Every Day (feat. WizKid).mp3
2026-08-26T21:28:30 update: added Music/Megan Thee Stallion - Mamushi (feat. Yuki Chiba).mp3
2026-08-26T21:28:30 update: added Music/Rihanna - Bitch Better Have My Money.mp3
2026-08-26T21:28:30 update: added Music/M.O - Who Do You Think Of.mp3
2026-08-26T21:28:30 update: added Music/Trey Songz - Song Goes Off.mp3
2026-08-26T21:28:30 update: added Music/Trevor Daniel - Falling.mp3
2026-08-26T21:28:30 update: added Music/Yeat - Out thë way.mp3
2026-08-26T21:28:30 update: added Music/Lil Wayne - Lollipop.mp3
2026-08-26T21:28:30 update: added Music/Konshens - Slow Wine.mp3
2026-08-26T21:28:30 update: added Music/Natalie La Rose - Around The World.mp3
2026-08-26T21:28:30 update: added Music/D Major - Thatâ  S What Loves About.mp3
2026-08-26T21:28:30 update: added Music/Macklemore - Can t Hold Us (feat. Ray Dalton).mp3
2026-08-26T21:28:30 update: added Music/Mimoza - Love For Days.mp3
2026-08-26T21:28:30 update: added Music/Ela.Dia - Simply Amazing.mp3
2026-08-26T21:28:30 update: added Music/Vybz Kartel - Hi.mp3
2026-08-26T21:28:30 update: added Music/DJ Khaled - Jealous (feat. Chris Brown, Lil Wayne   Big Sean.mp3
2026-08-26T21:28:30 update: added Music/Jonas Blue - Perfect Melody.mp3
2026-08-26T21:28:30 update: added Music/TJ Records - Turn Around.mp3
2026-08-26T21:28:30 update: added Music/AWOLNATION - Sail.mp3
2026-08-26T21:28:30 update: added Music/Josh Turner - Your Man.mp3
2026-08-26T21:28:30 update: added Music/Jason Derulo - The Other Side(1).mp3
2026-08-26T21:28:30 update: added Music/Amadeus - Euphoria.mp3
2026-08-26T21:28:30 update: added Music/Elipsa - Survival.mp3
2026-08-26T21:28:30 update: added Music/2nd Life - Unleashed.mp3
2026-08-26T21:28:30 update: added Music/Bazzi - Beautiful (feat. Camila Cabello).mp3
2026-08-26T21:28:30 update: added Music/Konshens - Gal A Bubble (Radio Version).mp3
2026-08-26T21:28:30 update: added Music/Jeremih - Don t Tell  Em.mp3
2026-08-26T21:28:30 update: added Music/Rachel Platten - Fight Song.mp3
2026-08-26T21:28:31 update: added Music/Kodak Black - ZEZE (feat. Travis Scott   Offset).mp3
2026-08-26T21:28:31 update: added Music/Titom - Tshwala Bam (feat. S.N.E, EeQue) (Radio Edit).mp3
2026-08-26T21:28:31 update: added Music/Miriam Samuel - Mungu Wa Ishara.mp3
2026-08-26T21:28:31 update: added Music/Marlaw - Bembeleza.mp3
2026-08-26T21:28:31 update: added Music/Kiana Ledé - Bouncin.mp3
2026-08-26T21:28:31 update: added Music/Star Cast - Lifetime (From  Star  Season 2).mp3
2026-08-26T21:28:31 update: added Music/Pentatonix - Radioactive.mp3
2026-08-26T21:28:31 update: added Music/Kesha - Die Young.mp3
2026-08-26T21:28:31 update: added Music/Juliana Kanyomozi - Right Here.mp3
2026-08-26T21:28:31 update: added Music/Rotimi - Love Riddim.mp3
2026-08-26T21:28:31 update: added Music/Zara Larsson - Ain t My Fault.mp3
2026-08-26T21:28:31 update: added Music/Sean Paul - Get Busy.mp3
2026-08-26T21:28:31 update: added Music/Diamond Platnumz - Nana.mp3
2026-08-26T21:28:31 update: added Music/The Script - Nothing.mp3
2026-08-26T21:28:31 update: added Music/Mr. P - WOKIE WOKIE.mp3
2026-08-26T21:28:31 update: added Music/Hardwell - Mad World.mp3
2026-08-26T21:28:31 update: added Music/Camp Mulla - Party Don t Stop.mp3
2026-08-26T21:28:31 update: added Music/Sean Paul - How Deep Is Your Love (feat. Kelly Rowland).mp3
2026-08-26T21:28:31 update: added Music/Heuse   Zeus X Crona - Pill.mp3
2026-08-26T21:28:31 update: added Music/Ed Sheeran - Beautiful People (feat. Khalid).mp3
2026-08-26T21:28:31 update: added Music/The Script - Walk Away.mp3
2026-08-26T21:28:31 update: added Music/Patoranking feat. Tiwa Savage - Girlie  O  Remix.mp3
2026-08-26T21:28:31 update: added Music/Martin Jensen - Running Back To You.mp3
2026-08-26T21:28:31 update: added Music/Alpha Rwirangira - Yes.mp3
2026-08-26T21:28:31 update: added Music/Protoje - Who Knows.mp3
2026-08-26T21:28:31 update: added Music/David Guetta - Hey Mama (feat. Nicki Minaj, Bebe Rexha   Afr.mp3
2026-08-26T21:28:31 update: added Music/Sauti Sol feat Khaligraph Jones - In my Head.mp3
2026-08-26T21:28:31 update: added Music/Ava Max - So Am I.mp3
2026-08-26T21:28:31 update: added Music/A$AP_Rocky_F_kin_Problems_feat_Drake,_2_Chainz_Kendr.mp3
2026-08-26T21:28:31 update: added Music/Tesher - Jalebi Baby.mp3
2026-08-26T21:28:31 update: added Music/Ellie Goulding - On My Mind.mp3
2026-08-26T21:28:31 update: added Music/Jason Ross - Take You Home (Tritonia 387).mp3
2026-08-26T21:28:31 update: added Music/Kato - Turn The Lights Off (Radio Edit).mp3
2026-08-26T21:28:31 update: added Music/Swae Lee - Dance Like No One s Watching.mp3
2026-08-26T21:28:31 update: added Music/Vanessa Mdee - Bado.mp3
2026-08-26T21:28:31 update: added Music/Ariana Grande - 7 rings.mp3
2026-08-26T21:28:31 update: added Music/Ray Dalton - Manila.mp3
2026-08-26T21:28:31 update: added Music/Buganya Petra Ulopa Kristoff Yvone  Abbas  Eish Official Video.mp3
2026-08-26T21:28:31 update: added Music/Akon - Smack That.mp3
2026-08-26T21:28:32 update: added Music/Charice - Pyramid (feat. Iyaz).mp3
2026-08-26T21:28:32 update: added Music/Julia Michaels - Heaven.mp3
2026-08-26T21:28:32 update: added Music/Big Sean - I Know.mp3
2026-08-26T21:28:32 update: added Music/Future - Mask Off.mp3
2026-08-26T21:28:32 update: added Music/J. Cole - Can t Get Enough.mp3
2026-08-26T21:28:32 update: added Music/Fifth Harmony - Down.mp3
2026-08-26T21:28:32 update: added Music/Shekhinah - Suited.mp3
2026-08-26T21:28:32 update: added Music/Justin Bieber - Sorry.mp3
2026-08-26T21:28:32 update: added Music/Avicii - The Nights.mp3
2026-08-26T21:28:32 update: added Music/Tinie - Girls Like (feat. Zara Larsson).mp3
2026-08-26T21:28:32 update: added Music/Christopher Martin - Is It Love.mp3
2026-08-26T21:28:32 update: added Music/Rochelle - You Got Something.mp3
2026-08-26T21:28:32 update: added Music/Pitbull - Hey Ma (feat. Camila Cabello) (Spanish Version).mp3
2026-08-26T21:28:32 update: added Music/Offset - Ric Flair Drip.mp3
2026-08-26T21:28:32 update: added Music/Jah Cure - Respect (Major Riddim).mp3
2026-08-26T21:28:32 update: added Music/Stephanie Beatriz - The Family Madrigal.mp3
2026-08-26T21:28:32 update: added Music/Gryffin - All You Need To Know.mp3
2026-08-26T21:28:32 update: added Music/Rotimi - What To Do.mp3
2026-08-26T21:28:32 update: added Music/Burna Boy - Gbona.mp3
2026-08-26T21:28:32 update: added Music/Pentatonix - Rather Be.mp3
2026-08-26T21:28:33 update: added Music/Kweku Darlington - GO SLOW.mp3
2026-08-26T21:28:33 update: added Music/Naiboi - Usipime Mwanaume.mp3
2026-08-26T21:28:33 update: added Music/KRYD - Here (Hoodtrap _ Mylancore) SLOWED.mp3
2026-08-26T21:28:33 update: added Music/Demi Lovato - Sorry Not Sorry.mp3
2026-08-26T21:28:33 update: added Music/Hiro - Désolé.mp3
2026-08-26T21:28:33 update: added Music/BROWN MAUZO   BODY ft NDOVU KUU Official Video.mp3
2026-08-26T21:28:33 update: added Music/Nonso Amadi - Different.mp3
2026-08-26T21:28:33 update: added Music/Dreezy - Body.mp3
2026-08-26T21:28:33 update: added Music/DJ Tárico - Yaba Buluku.mp3
2026-08-26T21:28:33 update: added Music/Jason Aldean - If I Didn t Love You.mp3
2026-08-26T21:28:33 update: added Music/GAYLE - abcdefu.mp3
2026-08-26T21:28:33 update: added Music/Nicki Minaj - The Night Is Still Young.mp3
2026-08-26T21:28:33 update: added Music/ArrDee - Come   Go.mp3
2026-08-26T21:28:33 update: added Music/Cole Swindell - She Had Me At Heads Carolina.mp3
2026-08-26T21:28:33 update: added Music/Bien - Mbwe Mbwe.mp3
2026-08-26T21:28:33 update: added Music/Bensoul - Peddi.mp3
2026-08-26T21:28:33 update: added Music/Hillsong Worship - What A Beautiful Name.mp3
2026-08-26T21:28:33 update: added Music/Aidonia - Le Le Le.mp3
2026-08-26T21:28:33 update: added Music/Richard Orlinski - I See (feat. Jon Z).mp3
2026-08-26T21:28:33 update: added Music/Nasha Travis - Akitokea.mp3
2026-08-26T21:28:33 update: added Music/RedOne - Don t You Need Somebody (feat. Enrique Iglesias, R.mp3
2026-08-26T21:28:33 update: added Music/Anne-Marie - Ciao Adios.mp3
2026-08-26T21:28:33 update: added Music/King Promise - Bad n Rude (feat. WSTRN).mp3
2026-08-26T21:28:33 update: added Music/Benzema - Haga Ya Karao.mp3
2026-08-26T21:28:33 update: added Music/Post Malone - I Like You (A Happier Song).mp3
2026-08-26T21:28:33 update: added Music/Kizz Daniel - Buga.mp3
2026-08-26T21:28:33 update: added Music/Ann Marie - Drip (feat. Jeremih).mp3
2026-08-26T21:28:33 update: added Music/Jim Yosef - Link [NCS Release].mp3
2026-08-26T21:28:33 update: added Music/Eric Prydz - Call on Me (Radio Mix).mp3
2026-08-26T21:28:33 update: added Music/Alikiba - Mshumaa.mp3
2026-08-26T21:28:34 update: added Music/Mabel - LOL.mp3
2026-08-26T21:28:34 update: added Music/SAINt JHN - Trap (feat. Lil Baby).mp3
2026-08-26T21:28:34 update: added Music/Khalid - Scenic Drive (feat. Ari Lennox   Smino).mp3
2026-08-26T21:28:34 update: added Music/Maggie Lindemann - Pretty Girl (Cheat Codes X CADE Remix).mp3
2026-08-26T21:28:34 update: added Music/Eminem - Nowhere Fast.mp3
2026-08-26T21:28:34 update: added Music/Phyno - Back Outside.mp3
2026-08-26T21:28:34 update: added Music/Nemesis - All Falls Down.mp3
2026-08-26T21:28:34 update: added Music/G.R.L. - Vacation.mp3
2026-08-26T21:28:34 update: added Music/Hillsong Worship - Here I Am To Worship.mp3
2026-08-26T21:28:34 update: added Music/Bebe Rexha - Baby, I m Jealous (feat. Doja Cat).mp3
2026-08-26T21:28:34 update: added Music/Jason Derulo - Lifestyle (feat. Adam Levine).mp3
2026-08-26T21:28:34 update: added Music/Lost Kings - I Miss The Future.mp3
2026-08-26T21:28:34 update: added Music/G-Eazy - Good Life.mp3
2026-08-26T21:28:34 update: added Music/Jason Derulo - Don t Wanna Go Home.mp3
2026-08-26T21:28:34 update: added Music/Rihanna - Rude Boy.mp3
2026-08-26T21:28:34 update: added Music/P-Square - Personally (Bonus).mp3
2026-08-26T21:28:34 update: added Music/Jason Aldean - Trouble With A Heartbreak.mp3
2026-08-26T21:28:34 update: added Music/will.i.am - #thatPOWER.mp3
2026-08-26T21:28:34 update: added Music/Willy William - Ego (Club Edit).mp3
2026-08-26T21:28:34 update: added Music/SICKOTOY - Now.mp3
2026-08-26T21:28:34 update: added Music/Post Malone - Sunflower (Spider-Man  Into the Spider-Verse).mp3
2026-08-26T21:28:34 update: added Music/Niniola - ALL EYES ON ME.mp3
2026-08-26T21:28:34 update: added Music/Mario - Get Back.mp3
2026-08-26T21:28:34 update: added Music/Lil Durk - Broadway Girls (feat. Morgan Wallen).mp3
2026-08-26T21:28:34 update: added Music/Topic - Perfect.mp3
2026-08-26T21:28:34 update: added Music/Culture Code - Make Me Move (feat. Karra).mp3
2026-08-26T21:28:34 update: added Music/Nyashinski - M.I.A. (MISSING IN ACTION).mp3
2026-08-26T21:28:34 update: added Music/DJ Khaled - LET IT GO (feat. Justin Bieber   21 Savage).mp3
2026-08-26T21:28:34 update: added Music/Joeboy - Call.mp3
2026-08-26T21:28:34 update: added Music/Big Sean - I Don t Fuck With You.mp3
2026-08-26T21:28:34 update: added Music/Moyann - Middle.mp3
2026-08-26T21:28:34 update: added Music/Joeboy - Lonely.mp3
2026-08-26T21:28:34 update: added Music/Alan Walker - All Falls Down.mp3
2026-08-26T21:28:35 update: added Music/G-Eazy - Breakdown (feat. Demi Lovato).mp3
2026-08-26T21:28:35 update: added Music/Enrique Iglesias - Tonight (I m Fuckin  You).mp3
2026-08-26T21:28:35 update: added Music/YTB Trench - How (feat. Gunna).mp3
2026-08-26T21:28:35 update: added Music/Ava Max - My Head   My Heart.mp3
2026-08-26T21:28:35 update: added Music/Maren Morris - Even When I m Not.mp3
2026-08-26T21:28:35 update: added Music/Nelly - The Fix.mp3
2026-08-26T21:28:35 update: added Music/richie loop - My Cupp.mp3
2026-08-26T21:28:35 update: added Music/Hardwell - Bella Ciao.mp3
2026-08-26T21:28:35 update: added Music/Pentatonix - O Holy Night.mp3
2026-08-26T21:28:35 update: added Music/Kardinal Offishall - Dangerous (Album Version Explicit).mp3
2026-08-26T21:28:35 update: added Music/Cécile - Rise Up.mp3
2026-08-26T21:28:35 update: added Music/Nelly - Hey Porsche.mp3
2026-08-26T21:28:35 update: added Music/Little Mix - Touch.mp3
2026-08-26T21:28:35 update: added Music/Marioo - Lonely.mp3
2026-08-26T21:28:35 update: added Music/Nicky Jam - Sin Novia.mp3
2026-08-26T21:28:35 update: added Music/Charly Black - Gyal You A Party Animal.mp3
2026-08-26T21:28:35 update: added Music/Gyptian - Best Life.mp3
2026-08-26T21:28:35 update: added Music/TJ Lawton - K.I.T.F (Radio Edit).mp3
2026-08-26T21:28:35 update: added Music/RITA ORA - Anywhere.mp3
2026-08-26T21:28:35 update: added Music/Lilmaina - KISHASH.mp3
2026-08-26T21:28:35 update: added Music/Etana - Weakness In Me.mp3
2026-08-26T21:28:35 update: added Music/Justin Bieber - As Long As You Love Me.mp3
2026-08-26T21:28:35 update: added Music/Cecile Anything.mp3
2026-08-26T21:28:35 update: added Music/Crayon - Ijo (Laba Laba).mp3
2026-08-26T21:28:35 update: added Music/Britney Spears - I Wanna Go.mp3
2026-08-26T21:28:35 update: added Music/Now United - Who Would Think That Love.mp3
2026-08-26T21:28:35 update: added Music/Gin Wigmore - New Rush.mp3
2026-08-26T21:28:35 update: added Music/Linkin Park - One More Light.mp3
2026-08-26T21:28:35 update: added Music/Otile Brown - Do It (feat. Vivian Kenya).mp3
2026-08-26T21:28:35 update: added Music/Adele - Send My Love (To Your New Lover).mp3
2026-08-26T21:28:35 update: added Music/Cardi B - Up.mp3
2026-08-26T21:28:35 update: added Music/Alex Warren - Chasing Shadows.mp3
2026-08-26T21:28:35 update: added Music/Nyashinski - KEBS.mp3
2026-08-26T21:28:35 update: added Music/Prince Royce - Back It Up (Video Version).mp3
2026-08-26T21:28:35 update: added Music/Cocoa Tea - Hurry Up   Come.mp3
2026-08-26T21:28:35 update: added Music/Lost Sky - Fearless Pt. II.mp3
2026-08-26T21:28:35 update: added Music/NLE Choppa - Slut Me Out.mp3
2026-08-26T21:28:35 update: added Music/ZAYN - Dusk Till Dawn (Radio Edit).mp3
2026-08-26T21:28:35 update: added Music/Bien - Lifestyle.mp3
2026-08-26T21:28:35 update: added Music/Seyi Shay - Murda.mp3
2026-08-26T21:28:36 update: added Music/Cardi B - Bodak Yellow.mp3
2026-08-26T21:28:36 update: added Music/Chris Brown - Tempo.mp3
2026-08-26T21:28:36 update: added Music/Vahtang beatbox - Human.mp3
2026-08-26T21:28:36 update: added Music/Mac lopez - Hwiralang.mp3
2026-08-26T21:28:36 update: added Music/Ariana Grande - Don t Call Me Angel (Charlie s Angels).mp3
2026-08-26T21:28:36 update: added Music/Colbie Caillat - Try.mp3
2026-08-26T21:28:36 update: added Music/Yvonne Chaka Chaka - Doctor Doctor.mp3
2026-08-26T21:28:36 update: added Music/Mabel - Don t Call Me Up.mp3
2026-08-26T21:28:36 update: added Music/Trey Songz - Na Na.mp3
2026-08-26T21:28:36 update: added Music/Westlife - My Love.mp3
2026-08-26T21:28:36 update: added Music/Post Malone - Goodbyes (feat. Young Thug).mp3
2026-08-26T21:28:36 update: added Music/Zum - Rebel.mp3
2026-08-26T21:28:36 update: added Music/Sia - Chandelier.mp3
2026-08-26T21:28:36 update: added Music/Jonas Brothers - Rollercoaster.mp3
2026-08-26T21:28:36 update: added Music/Nicki Minaj - Bussin.mp3
2026-08-26T21:28:36 update: added Music/John Newman - Love Me Again.mp3
2026-08-26T21:28:36 update: added Music/RITA ORA - Let You Love Me.mp3
2026-08-26T21:28:36 update: added Music/Daddy Yankee - Limbo.mp3
2026-08-26T21:28:36 update: added Music/K-391 - Ignite.mp3
2026-08-26T21:28:36 update: added Music/Daya - New.mp3
2026-08-26T21:28:36 update: added Music/Christina Shusho - Hesabu.mp3
2026-08-26T21:28:36 update: added Music/BLACKPINK - Shut Down.mp3
2026-08-26T21:28:36 update: added Music/Axwell _ Ingrosso - Dreamer.mp3
2026-08-26T21:28:36 update: added Music/The Black Eyed Peas - Pump It.mp3
2026-08-26T21:28:36 update: added Music/David Guetta - I m Good (Blue).mp3
2026-08-26T21:28:36 update: added Music/Axwell _ Ingrosso - Dream Bigger.mp3
2026-08-26T21:28:36 update: added Music/Patoranking - Suh Different.mp3
2026-08-26T21:28:36 update: added Music/A1 x J1 - Deal Or No Deal.mp3
2026-08-26T21:28:36 update: added Music/Skrillex - Don t Go.mp3
2026-08-26T21:28:36 update: added Music/RITA ORA - I Will Never Let You Down.mp3
2026-08-26T21:28:36 update: added Music/WSTRN - Night   Day.mp3
2026-08-26T21:28:36 update: added Music/Kiana Ledé - Can I.mp3
2026-08-26T21:28:36 update: added Music/Astrid S - I Do.mp3
2026-08-26T21:28:36 update: added Music/The Weeknd - Sacrifice.mp3
2026-08-26T21:28:36 update: added Music/24kgoldn - In My Head.mp3
2026-08-26T21:28:36 update: added Music/JP Cooper - The Reason Why.mp3
2026-08-26T21:28:37 update: added Music/Patoranking - Love You Die.mp3
2026-08-26T21:28:37 update: added Music/Wakadinali - Mc Mca.mp3
2026-08-26T21:28:37 update: added Music/LUM!X - Where Do We Go.mp3
2026-08-26T21:28:37 update: added Music/Magic man - Tonight.mp3
2026-08-26T21:28:37 update: added Music/Aroma Music - Nsudiya.mp3
2026-08-26T21:28:37 update: added Music/Luis Fonsi - Échame La Culpa.mp3
2026-08-26T21:28:37 update: added Music/Uncle Waffles - Tanzania (feat. Sino Msolo and Boibizza).mp3
2026-08-26T21:28:37 update: added Music/Cardi B - Hot Shit (feat. Kanye West   Lil Durk).mp3
2026-08-26T21:28:37 update: added Music/Mya - 2 50.mp3
2026-08-26T21:28:37 update: added Music/Hurricane Chris - A Bay Bay (MAIN).mp3
2026-08-26T21:28:37 update: added Music/WADAGLIZ - ANGUKA_NAYO.mp3
2026-08-26T21:28:37 update: added Music/Shawn Mendes - There s Nothing Holdin  Me Back.mp3
2026-08-26T21:28:37 update: added Music/Victoria Monét - On My Mama.mp3
2026-08-26T21:28:37 update: added Music/Ne-Yo - So Sick.mp3
2026-08-26T21:28:37 update: added Music/Gyptian - She Got It.mp3
2026-08-26T21:28:37 update: added Music/Jack Benjamin - Unity.mp3
2026-08-26T21:28:37 update: added Music/Kudenga Kwakanaka - Armor Music Ministry.mp3
2026-08-26T21:28:37 update: added Music/King_Princess_Fantastic_from_the_series_Arcane_League_of_Lege.mp3
2026-08-26T21:28:37 update: added Music/Bebe Cool - Tombawala.mp3
2026-08-26T21:28:37 update: added Music/Mustard - Surface.mp3
2026-08-26T21:28:37 update: added Music/Ahxello - Takeoff.mp3
2026-08-26T21:28:37 update: added Music/Imanbek - Dancing On Dangerous (feat. Sofía Reyes).mp3
2026-08-26T21:28:37 update: added Music/Ang3lina - Fantasize.mp3
2026-08-26T21:28:37 update: added Music/Daya - Sit Still, Look Pretty.mp3
2026-08-26T21:28:37 update: added Music/Dustin Lynch - Thinking  Bout You (feat. MacKenzie Porter).mp3
2026-08-26T21:28:37 update: added Music/Willy Paul - Kamati Ya Roho Chafu.mp3
2026-08-26T21:28:37 update: added Music/Dwayne Johnson - You're Welcome.mp3
2026-08-26T21:28:37 update: added Music/Betta Lemme - Give It.mp3
2026-08-26T21:28:37 update: added Music/will.i.am - Feelin  Myself.mp3
2026-08-26T21:28:37 update: added Music/Normani - Motivation.mp3
2026-08-26T21:28:37 update: added Music/Javada - Wake up Beside You.mp3
2026-08-26T21:28:37 update: added Music/Major Lazer - All My Life (feat. Burna Boy).mp3
2026-08-26T21:28:38 update: added Music/Khalid - Right Back.mp3
2026-08-26T21:28:38 update: added Music/Sauti Sol - Lil Mama.mp3
2026-08-26T21:28:38 update: added Music/Jason Derulo - If It Ain t Love.mp3
2026-08-26T21:28:38 update: added Music/T.I. - Whatever You Like.mp3
2026-08-26T21:28:38 update: added Music/Koffee - The Harder They Fall.mp3
2026-08-26T21:28:38 update: added Music/Vanessa Mdee - Never Ever.mp3
2026-08-26T21:28:38 update: added Music/Gin Ideal - Rede.mp3
2026-08-26T21:28:38 update: added Music/Shaneil Muir - Hype and Boasy.mp3
2026-08-26T21:28:38 update: added Music/David Guetta - Turn Me On (feat. Nicki Minaj).mp3
2026-08-26T21:28:38 update: added Music/Marilyn Manson - Killing Strangers.mp3
2026-08-26T21:28:38 update: added Music/Sanaipei Tande - Jali (feat. Nyashinski).mp3
2026-08-26T21:28:38 update: added Music/Wiz Khalifa - Work Hard, Play Hard.mp3
2026-08-26T21:28:38 update: added Music/Offset - Hit Em Hard.mp3
2026-08-26T21:28:38 update: added Music/Nicole Cherry - Vive La Vida.mp3
2026-08-26T21:28:38 update: added Music/BTS - Make It Right (feat. Lauv) (EDM Remix).mp3
2026-08-26T21:28:38 update: added Music/Roddy Ricch - Underdog.mp3
2026-08-26T21:28:38 update: added Music/Calum Scott - You Are The Reason.mp3
2026-08-26T21:28:38 update: added Music/Bazzi - Why.mp3
2026-08-26T21:28:38 update: added Music/Pentatonix - I Need Your Love.mp3
2026-08-26T21:28:38 update: added Music/The Saturdays - What About Us.mp3
2026-08-26T21:28:38 update: added Music/Jessie J - Flashlight (From  Pitch Perfect 2  Soundtrack).mp3
2026-08-26T21:30:52 player: played "Music/Axwell _ Ingrosso - Dreamer.mp3"
2026-08-26T21:32:16 player: played "Music/Usher - Climax.mp3"
2026-08-26T21:33:03 player: played "Music/Maino - All the Above (feat. T-Pain).mp3"
2026-08-26T21:33:21 player: played "Music/Afrojack - Turn up the Speakers (Radio Edit).mp3"
2026-08-26T21:33:29 player: played "Music/Ahxello - Sky High.mp3"
2026-08-26T21:33:37 player: played "Music/Alan Walker - Alone, Pt. II.mp3"
2026-08-26T21:34:30 player: played "Music/Alan Walker - Heading Home.mp3"
2026-08-26T21:34:36 player: played "Music/Alicia Keys - Try Sleeping with a Broken Heart.mp3"
2026-08-26T21:34:46 player: played "Music/Alikiba - Mshumaa.mp3"
2026-08-26T21:34:56 player: played "Music/Alikiba - Omukwano (feat. Tommy Flavour).mp3"
2026-08-26T21:35:10 player: played "Music/Alkaline - Gyalis Pro.mp3"
2026-08-26T21:35:13 player: played "Music/Alok - Wherever You Go (feat. John Martin).mp3"
2026-08-26T21:35:28 player: played "Music/Alpha Rwirangira - Yes.mp3"
2026-08-26T21:36:25 player: played "Music/Ang3lina - Go Down (feat. Stino).mp3"
2026-08-26T21:36:27 player: played "Music/Ang3lina - Fantasize.mp3"
2026-08-26T21:38:09 player: played "Music/Ang3lina - Oh Na Na.mp3"
2026-08-26T21:39:08 player: played "Music/Ang3lina - Oh Na Na.mp3"
2026-08-26T21:39:21 player: played "Music/Anne-Marie - 2002.mp3"
2026-08-26T21:39:26 player: played "Music/Appy - Watu Feki.mp3"
2026-08-26T21:39:36 player: played "Music/Arianna - Bella Vita (feat. Shaggy).mp3"
2026-08-26T21:41:49 player: played "Music/Aroma Music - Nsudiya.mp3"
2026-08-26T21:42:02 player: played "Music/ArrDee - Come   Go.mp3"
2026-08-26T21:42:14 player: played "Music/Kranium - Nobody Has to Know.mp3"
2026-08-26T21:42:23 player: played "Music/KSHMR - Maria Maria.mp3"
2026-08-26T21:43:03 player: played "Music/Kuami Eugene - Boom Bang Bang.mp3"
2026-08-26T21:43:58 pipewire_output: Decoder is too slow; playing silence to avoid xrun
2026-08-26T21:44:05 player: played "Music/Kuami Eugene - Cryptocurrency.mp3"
2026-08-26T21:44:11 player: played "Music/Kweku Darlington - GO SLOW.mp3"
2026-08-26T21:44:22 player: played "Music/Ava Max - Sweet but Psycho.mp3"
2026-08-26T21:44:41 player: played "Music/Axel Johansson - The River.mp3"
2026-08-26T21:47:31 player: played "Music/Axwell _ Ingrosso - More Than You Know.mp3"
2026-08-26T23:17:19 player: played "Music/Pentatonix - Cheerleader.mp3"
2026-08-26T23:37:31 player: played "Music/Ang3lina - Oh Na Na.mp3"
2026-08-26T23:37:42 player: played "Music/Ang3lina - Oh Na Na.mp3"
2026-08-26T23:39:08 player: played "Music/Ang3lina - Oh Na Na.mp3"
2026-08-26T23:39:36 player: played "DiJa   Awww Music Video ToxicWap com.mp3"
2026-08-26T23:39:55 player: played "Music/Wyre - Work and Play.mp3"
2026-08-26T23:40:46 player: played "Music/Wyre - Work and Play.mp3"
2026-08-26T23:40:49 player: played "Music/Wyre - Work and Play.mp3"
2026-08-27T21:31:10 player: played "Music/Chris Brown - Overtime.mp3"
2026-08-27T21:54:17 player: played "Music/Konshens - Thank God Fi Di Gal Dem.mp3"
2026-08-27T21:55:27 player: played "Music/Diamond Platnumz - Nana.mp3"
2026-08-27T21:59:09 player: played "Music/Diamond Platnumz - Nana.mp3"
2026-08-27T22:48:05 player: played "Music/X Ambassadors - Unsteady.mp3"
2026-08-27T22:52:09 player: played "Music/Brett Young - In Case You Didn t Know.mp3"
2026-08-29T12:27:11 exception: Failed to create Avahi client: Daemon not running
2026-08-29T12:27:11 player: played "Music/Jordin Sparks - One Step At a Time.mp3"
2026-08-29T13:56:03 player: played "Music/Jordin Sparks - One Step At a Time.mp3"
2026-08-29T13:59:28 player: played "Music/Jordin Sparks - One Step At a Time.mp3"
2026-08-29T14:03:13 player: played "Music/Jordin Sparks - One Step At a Time.mp3"
2026-08-29T14:06:38 player: played "Music/Jordin Sparks - One Step At a Time.mp3"
2026-08-29T14:10:03 player: played "Music/Jordin Sparks - One Step At a Time.mp3"
2026-08-29T14:13:28 player: played "Music/Jordin Sparks - One Step At a Time.mp3"
2026-08-29T14:16:53 player: played "Music/Jordin Sparks - One Step At a Time.mp3"
2026-08-29T14:18:55 player: played "Music/Guy Sebastian - Believer.mp3"
2026-08-29T14:19:38 player: played "Music/X Ambassadors - Unsteady.mp3"
2026-08-29T14:22:00 player: played "Music/Sheebah - Nabaleka.mp3"
2026-08-29T14:22:13 player: played "Music/X Ambassadors - Unsteady.mp3"
2026-08-29T14:23:29 player: played "Music/Shashl - Dhindindi.mp3"
2026-08-29T14:23:33 player: played "Music/Kid Ink - Hotel.mp3"
2026-08-29T14:23:35 player: played "Music/Aya Nakamura - Pookie.mp3"
2026-08-29T14:26:18 player: played "Music/Kleptomaniax - Swing.mp3"
2026-08-29T14:28:53 player: played "Music/Jordin Sparks - One Step At a Time.mp3"
2026-08-29T14:29:30 player: played "Music/Dwayne Johnson - You're Welcome.mp3"
2026-08-29T14:30:31 player: played "Music/Camilo - Aeropuerto.mp3"
2026-08-29T14:31:30 player: played "Music/Carlie Hanson - WYA.mp3"
2026-08-29T14:32:17 player: played "Music/Charlotte Lawrence - Talk You Down.mp3"
2026-08-29T14:32:29 player: played "Music/Chord Overstreet - Hold On.mp3"
2026-08-29T14:32:46 player: played "Music/CKay - Emiliana.mp3"
2026-08-29T14:33:47 player: played "Music/Adina Thembi - Take Care of You.mp3"
2026-08-29T14:35:29 player: played "Music/Burning Spear - Identity.mp3"
2026-08-29T14:35:31 player: played "Music/Jason Derulo - The Sky s the Limit.mp3"
2026-08-29T14:36:15 player: played "Music/Enrique Iglesias - Takin  Back My Love.mp3"
2026-08-29T14:36:22 player: played "Music/Pentatonix - Little Drummer Boy.mp3"
2026-08-29T16:18:45 player: played "Music/Pentatonix - Little Drummer Boy.mp3"
2026-08-29T16:22:58 player: played "Music/Pentatonix - Little Drummer Boy.mp3"
2026-08-29T16:27:11 player: played "Music/Pentatonix - Little Drummer Boy.mp3"
2026-08-29T16:30:24 player: played "Music/Ang3lina - Oh Na Na.mp3"
WARNING: Unhandled message: interface=org.freedesktop.DBus, path=/org/freedesktop/DBus, member=ActivatableServicesChanged
WARNING: Unhandled message: interface=org.freedesktop.DBus, path=/org/freedesktop/DBus, member=ActivatableServicesChanged
WARNING: Unhandled message: interface=org.freedesktop.DBus, path=/org/freedesktop/DBus, member=ActivatableServicesChanged
